<AddDataFormTemplateSpec 
    xmlns:c="bb_appfx_commontypes"
    ID="51f7a78b-7da7-48a6-860c-cde8848edc5a"
    Name="MIMED Interaction Add Form"
    Description="Used for adding a new MIMED Interaction"
    Author="UM Dev"
    RecordType="MIMED Interaction"
    DataFormInstanceID="b3a04417-321f-44c4-a3b7-4b115e5eeafc"
    c:SecurityUIFolder="MIMED Data"
    xmlns="bb_appfx_adddataformtemplate"
    >
  <SPDataForm>    
      <LoadImplementation SPName="USP_DATAFORMTEMPLATE_ADD_UMHS_INTERACTION_PRELOAD">
        <c:CreateProcedureSQL>
          <![CDATA[
          create procedure dbo.USP_DATAFORMTEMPLATE_ADD_UMHS_INTERACTION_PRELOAD
          (
          @UMHSID uniqueidentifier,
          @NAME nvarchar(700) = null output,
          @CURRENTAPPUSERID uniqueidentifier,
          @SITEREQUIRED bit = null output,
          @SITES xml = null output,
          @FUNDRAISERID uniqueidentifier = null output
          )
          as
          begin
          set nocount on;

          select
          @NAME = NF.NAME
          from
          dbo.USR_UFN_UMHS_DISPLAYNAME(@UMHSID) NF

          select
          @FUNDRAISERID = CONSTITUENTID
          from dbo.APPUSER
          where ID = @CURRENTAPPUSERID


          set @SITEREQUIRED = dbo.UFN_SITEREQUIREDFORUSER(@CURRENTAPPUSERID)

          declare @USERSITEID uniqueidentifier = dbo.UFN_APPUSER_DEFAULTSITEFORUSER(@CURRENTAPPUSERID)
          if @USERSITEID is not null
          begin
          set @SITES = (
          select newid() ID, @USERSITEID SITEID
          for xml raw('ITEM'),type,elements,root('SITES'),BINARY BASE64
          )
          end
          end
           ]]>
        </c:CreateProcedureSQL>
      </LoadImplementation>
      
    <SaveImplementation SPName="USR_USP_DATAFORMTEMPLATE_ADD_UMHS_INTERACTION">
      <c:CreateProcedureSQL>
        <![CDATA[
CREATE PROCEDURE DBO.USR_USP_DATAFORMTEMPLATE_ADD_UMHS_INTERACTION (@ID                       UNIQUEIDENTIFIER = NULL OUTPUT,
                                                                    @CHANGEAGENTID            UNIQUEIDENTIFIER = NULL,
                                                                    @UMHSID                   UNIQUEIDENTIFIER,
                                                                    @SUMMARY                  NVARCHAR(100) = '',
                                                                    @INTERACTIONCATEGORYID    UNIQUEIDENTIFIER = NULL,
                                                                    @INTERACTIONSUBCATEGORYID UNIQUEIDENTIFIER = NULL,
                                                                    @EXPECTEDDATE             DATETIME = NULL,
                                                                    @FUNDRAISERID             UNIQUEIDENTIFIER = NULL,
                                                                    @CONTACTMETHODCODEID      UNIQUEIDENTIFIER = NULL,
                                                                    @EVENTID                  UNIQUEIDENTIFIER = NULL,
                                                                    @ACTUALDATE               DATETIME = NULL,
                                                                    @SITES                    XML = null,
                                                                    --@DEPARTMENTS              XML = null,                                                                    
                                                                    @COMMENT                 NVARCHAR(MAX) = '',
                                                                    @PARTICIPANTS             XML = NULL,
                                                                    @STATUSCODEID             UNIQUEIDENTIFIER = null)
AS
    SET NOCOUNT ON;

    IF @ID IS NULL
      SET @ID = NEWID()

    IF @CHANGEAGENTID IS NULL
      EXEC DBO.USP_CHANGEAGENT_GETORCREATECHANGEAGENT
        @CHANGEAGENTID OUTPUT

    DECLARE @CURRENTDATE DATETIME = GETDATE()

  BEGIN TRY
      -- handle inserting the data
      INSERT INTO DBO.USR_UMHS_INTERACTION
                  (ID,
                   UMHSID,
                   SUMMARY,
                   INTERACTIONCATEGORYID,
                   INTERACTIONSUBCATEGORYID,
                   EXPECTEDDATE,
                   FUNDRAISERID,
                   CONTACTMETHODCODEID,
                   EVENTID,
                   ACTUALDATE,
                   COMMENTS,
                   STATUSCODEID,
                   ADDEDBYID,
                   CHANGEDBYID,
                   DATEADDED,
                   DATECHANGED)
      VALUES      (@ID,
                   @UMHSID,
                   @SUMMARY,
                   @INTERACTIONCATEGORYID,
                   @INTERACTIONSUBCATEGORYID,
                   @EXPECTEDDATE,
                   @FUNDRAISERID,
                   @CONTACTMETHODCODEID,
                   @EVENTID,
                   @ACTUALDATE,
                   @COMMENT,
                   @STATUSCODEID,
                   @CHANGEAGENTID,
                   @CHANGEAGENTID,
                   @CURRENTDATE,
                   @CURRENTDATE)
                   
        --Adding back the SITE code
        exec dbo.USR_USP_UMHS_INTERACTION_GETSITES_ADDFROMXML @ID, @SITES, @CHANGEAGENTID, @CURRENTDATE;                      
        exec dbo.USR_USP_UMHS_INTERACTIONPARTICIPANTS_ADDFROMXML @ID, @PARTICIPANTS, @CHANGEAGENTID, @CURRENTDATE;        
        --exec dbo.USR_USP_UMHS_INTERACTION_ADDRECIP @ID, @CHANGEAGENTID, @CURRENTDATE;
                   
  END TRY

  BEGIN CATCH
      EXEC DBO.USP_RAISE_ERROR

      RETURN 1
  END CATCH

    RETURN 0 
	
 ]]>

      </c:CreateProcedureSQL>
      <!--<c:ExpectedDBExceptions>
        <c:Constraints>
          <c:Constraint Name="CK_USR_UMHS_INTERACTION_ACTUALDATEPRESENTONLYWHENCOMPLETE" Field="ACTUALDATE" Type="Required">
            <c:CustomErrorMsg>Can not enter Actual Date when the status is Pending or Planned but Actual Date is required when status is Completed.</c:CustomErrorMsg>
          </c:Constraint>
          </c:Constraints>
        </c:ExpectedDBExceptions>-->
    </SaveImplementation>
</SPDataForm>
  <Context ContextRecordType="MIMED Data" RecordIDParameter="UMHSID" />
  <FormMetaData FixedDialog="true" xmlns="bb_appfx_commontypes">
    <FormFields>
      <FormField FieldID="SUMMARY" MaxLength="100" Caption="Summary" Required="true" />
      <FormField FieldID="NAME" ReadOnly="true" MaxLength="700" Caption="Patient name" Hidden="true" CaptionResourceKey="$$constituent_name" />
      <FormField FieldID="STATUSCODEID" Caption="Status" DataType="Guid" Required="true">
        <CodeTable CodeTableName="USR_INTERACTION_STATUSCODE" />
      </FormField>
      <FormField FieldID="FUNDRAISERID" DataType="Guid" Caption="Owner">
        <SearchList SearchListID="35fa0186-b669-436f-913a-5e9fd5e59982" EnableQuickFind="true" />
      </FormField>
      <FormField FieldID="INTERACTIONCATEGORYID" DataType="Guid" Caption="Category" Required="true">
        <SimpleDataList SimpleDataListID="cbba7545-b66f-44ac-aa24-d9c2f8cbc4ec" />
      </FormField>
      <FormField FieldID="INTERACTIONSUBCATEGORYID" DataType="Guid" Caption="Subcategory" Required="true">
        <SimpleDataList SimpleDataListID="0eacc39b-07d1-4641-8774-e319559535a7">
          <Params>
            <Param ID="INTERACTIONCATEGORYID">
              <Value>Fields!INTERACTIONCATEGORYID</Value>
            </Param>
          </Params>
        </SimpleDataList>
      </FormField>
      <FormField FieldID="CONTACTMETHODCODEID" DataType="Guid" Caption="Contact method" Required="true">
        <CodeTable CodeTableName="INTERACTIONTYPECODE" />
      </FormField>
      <FormField FieldID="EVENTID" DataType="Guid" Caption="Event">
        <SearchList SearchListID="21452a39-7c7d-4334-8b89-6c0ea619acec" EnableQuickFind="true" />
      </FormField>
      <FormField FieldID="EXPECTEDDATE" DataType="Date" Required="true" Caption="Expected date" />
      <FormField FieldID="ACTUALDATE" DataType="Date" Caption="Actual date" />
      <FormField FieldID="SITES" DataType="XML" Caption="Sites" CaptionResourceKey="$$sites" Required="true">
        <Collection>
          <Fields>
            <FormField FieldID="ID" DataType="Guid" Hidden="true" />
            <FormField FieldID="SITEID" DataType="Guid" Required="true" Caption="Site" CaptionResourceKey="$$site">
              <SimpleDataList SimpleDataListID="c8e8d3ba-2725-421f-a796-e2fcc1202780">
                <SearchList SearchListID="27a63ede-a0d4-4074-a85a-196df4adc0dd" />
              </SimpleDataList>
            </FormField>
          </Fields>
        </Collection>
        <InstalledProductList>
          <InstalledProduct ID="133f9bca-00f1-4007-9792-586b931340c6" />
        </InstalledProductList>
      </FormField>
      <FormField FieldID="SITEREQUIRED" DataType="Boolean" ReadOnly="true" Caption="Site required" CaptionResourceKey="$$site_required" />
      <FormField FieldID="COMMENT" Caption="Comments" />
      <FormField FieldID="PARTICIPANTS" DataType="XML" Caption="Participants">
        <Collection>
          <Fields>
            <FormField FieldID="ID" DataType="Guid" Hidden="true" Caption="ID" />
            <FormField FieldID="CONSTITUENTID" DataType="Guid" Caption="Participant">
              <SimpleDataList SimpleDataListID="eec723dc-3ed3-425b-9ef2-8ba1ccc190d1">
                <Params>
                  <Param ID="CONSTITUENTID">
                    <Value>PARENT.FIELDS!CONTEXTID</Value>
                  </Param>
                </Params>
                <SearchList SearchListID="747530a1-be80-4054-a021-d2a599248261">
                </SearchList>
              </SimpleDataList>
            </FormField>
          </Fields>
        </Collection>
      </FormField>
    </FormFields>
    <FormUIComponent />

        <WebUIComponent>
            <UIModel AssemblyName="UM.CustomFx.GratefulPatient.UIModel.dll" ClassName="UM.CustomFx.GratefulPatient.UIModel.UMHSInteractionFormUIModel" />
            <WebUI>
                <ExternalResource Url="browser/htmlforms/custom/um.customfx.gratefulpatient/UMHSInteractionForm.html" />
            </WebUI>
        </WebUIComponent>

  </FormMetaData>
</AddDataFormTemplateSpec>