﻿<TableSpec 
	xmlns="bb_appfx_table"
	xmlns:c="bb_appfx_commontypes" 
	ID="bfd52679-e37a-4e12-82b8-d74fa984d284"
	Name="USR_UMHS_INTERACTIONSITE"
	Description="Stores information about MIMED interaction site records"
	Author="UM Dev"
	Tablename="USR_UMHS_INTERACTIONSITE"		   
	IsBuiltIn="false"
	>
  <Fields>
    <ForeignKeyField Name="INTERACTIONID" Required="true" ForeignTable="USR_UMHS_INTERACTION" OnDelete="CascadeDelete" />
    <ForeignKeyField Name="SITEID" Required="true" ForeignTable="SITE" />
  </Fields>
  <Indexes>
    <Index>
      <IndexFields>
        <IndexField Name="SITEID" />
      </IndexFields>
    </Index>
    <Index IsUnique="true">
      <IndexFields>
        <IndexField Name="INTERACTIONID" />
        <IndexField Name="SITEID" />
      </IndexFields>
    </Index>
  </Indexes>
</TableSpec>