﻿<EditDataFormTemplateSpec 
	xmlns="bb_appfx_editdataformtemplate"
	xmlns:c="bb_appfx_commontypes" 
	ID="d0f0cd3e-eb05-4c12-b6c2-578511fb31ea" 
	Name="MIMED Batch Data Form Edit Data Form"
	Description="A data form for editing MIMED batch data form records" 
	Author="UM Dev"
	DataFormInstanceID="0a3379ff-58bb-4c3f-9993-48798c5e64a7" 
	RecordType="MIMED Batch"
	c:SecurityUIFolder="MIMED Batch"
	FormHeader="Edit an MIMED batch data form"
	>

	<SPDataForm>

		<!-- define the edit load SP, which is used to load the data for the form -->
		<LoadImplementation SPName="USR_USP_DATAFORMTEMPLATE_EDITLOAD_UMHSBATCHDATAFORM">
			<c:CreateProcedureSQL>
				<![CDATA[
create procedure dbo.USR_USP_DATAFORMTEMPLATE_EDITLOAD_UMHSBATCHDATAFORM
(
    @ID uniqueidentifier,
    @DATALOADED bit = 0 output,
    @TSLONG bigint = 0 output,
	@FIELD1 nvarchar(10) = null output,
	@FIELD2 nvarchar(20) = null output,
	@FIELD3 nvarchar(max) = null output
)
as

	set nocount on;

	-- be sure to set these, in case the select returns no rows
	set @DATALOADED = 0
	set @TSLONG = 0

	-- populate the output parameters, which correspond to fields on the form.  Note that
	-- we set @DATALOADED = 1 to indicate that the load was successful.  Otherwise, the system
	-- will display a "no data loaded" message.  Also note that we fetch the TSLONG so that concurrency
	-- can be considered.
	select
		@DATALOADED = 1,
		@TSLONG = TSLONG,
		@FIELD1 = FIELD1,
		@FIELD2 = FIELD2,
		@FIELD3 = FIELD3		
	from dbo.TABLE1
	where ID = @ID

	return 0;
				]]>
			</c:CreateProcedureSQL>
		</LoadImplementation>

		<SaveImplementation SPName="USR_USP_DATAFORMTEMPLATE_EDIT_UMHSBATCHDATAFORM">
			<c:CreateProcedureSQL>
				<![CDATA[
create procedure dbo.USR_USP_DATAFORMTEMPLATE_EDIT_UMHSBATCHDATAFORM 
(
	@ID uniqueidentifier,
	@CHANGEAGENTID uniqueidentifier = null,
	@FIELD1 nvarchar(10),
	@FIELD2 nvarchar(20),
	@FIELD3 nvarchar(max)
)
as

	set nocount on;

	if @CHANGEAGENTID is null  
		exec dbo.USP_CHANGEAGENT_GETORCREATECHANGEAGENT @CHANGEAGENTID output
				
	declare @CURRENTDATE datetime
	set @CURRENTDATE = getdate()

	begin try
		-- handle updating the data
		update dbo.TABLE1 set
			FIELD1 = @FIELD1,
			FIELD2 = @FIELD2,
			FIELD2 = @FIELD3,
			CHANGEDBYID = @CHANGEAGENTID,
			DATECHANGED = @CURRENTDATE
		where ID = @ID
	end try
	begin catch
		exec dbo.USP_RAISE_ERROR
		return 1
	end catch

return 0;
				]]>
			</c:CreateProcedureSQL>
		</SaveImplementation>

	</SPDataForm>

	<!-- describe fields on the form, which correspond to parameters on the SP.  Note that system paramters 
	like the record ID, DATALOADED, TSLONG, and CURRENTAPPUSERID need not be listed. -->
	<FormMetaData xmlns="bb_appfx_commontypes">
		<FormFields>
			<FormField FieldID="FIELD1" Caption="Field 1" DataType="String" MaxLength="10" />
			<FormField FieldID="FIELD2" Caption="Field 2" DataType="String" MaxLength="20" />
			<FormField FieldID="FIELD3" Caption="Field 3" DataType="String" />
		</FormFields>
	</FormMetaData>

</EditDataFormTemplateSpec>