﻿<EditDataFormTemplateSpec 
	xmlns="bb_appfx_editdataformtemplate"
	xmlns:c="bb_appfx_commontypes" 
	ID="34d80f5b-0cd7-4962-94a2-cf9bbf8ff757" 
	Name="USR_UMHS_DATAFORMTEMPLATE_EDITLOAD_BATCH"
	Description="Update MIMED Batch record" 
	Author="UM Dev"
	DataFormInstanceID="24c292c6-4bc4-4700-9acc-46d3d5d04050" 
	RecordType="MIMED Data"
	c:SecurityUIFolder="MIMED Batch"
	FormHeader="MIMED Batch Edit"
	>

	<SPDataForm>

		<!-- define the edit load SP, which is used to load the data for the form -->
		<LoadImplementation SPName="USR_UMHS_DATAFORMTEMPLATE_EDITLOAD_BATCH">
			<c:CreateProcedureSQL>
				<![CDATA[
create procedure dbo.USR_UMHS_DATAFORMTEMPLATE_EDITLOAD_BATCH
(
     @ID uniqueidentifier
    ,@DATALOADED bit = 0 output
    ,@TSLONG bigint = 0 output
	  ,@CONSTITUENTID uniqueidentifier = null output
)
as

	set nocount on;

	set @DATALOADED = 0
	set @TSLONG = 0
    
  select
      @DATALOADED = 1
     ,@TSLONG = b.TSLONG 
     ,@CONSTITUENTID = d.CONSTITUENTID
  from USR_UMHS_BATCH b
  inner join usr_UMHS_data d on d.MRN=b.MRN
  where 
    b.ID=@ID

	return 0;
				]]>
			</c:CreateProcedureSQL>
		</LoadImplementation>

		<SaveImplementation SPName="USR_UMHS_DATAFORMTEMPLATE_EDIT_BATCH">
			<c:CreateProcedureSQL>
				<![CDATA[
create procedure dbo.USR_UMHS_DATAFORMTEMPLATE_EDIT_BATCH 
(
	 @ID uniqueidentifier
	,@CHANGEAGENTID uniqueidentifier = null
	,@CONSTITUENTID uniqueidentifier
)
as

	set nocount on;

	if @CHANGEAGENTID is null  
		exec dbo.USP_CHANGEAGENT_GETORCREATECHANGEAGENT @CHANGEAGENTID output
				
	declare @CURRENTDATE datetime
	set @CURRENTDATE = getdate()

  declare @LOOKUPID nvarchar(200);
  
  --
  -- Get constituent's lookupid
  --
  select 
    @LOOKUPID=LOOKUPID 
  from dbo.CONSTITUENT c 
  where
    c.ID=@CONSTITUENTID;
    
	begin try
  
		update dbo.USR_UMHS_BATCH 
    set
			 USR_UMHS_BATCH.CONSTITUENTID = @CONSTITUENTID
      ,USR_UMHS_BATCH.CONSTITUENTLOOKUPID = @LOOKUPID
			,USR_UMHS_BATCH.CHANGEDBYID = @CHANGEAGENTID
			,USR_UMHS_BATCH.DATECHANGED = @CURRENTDATE
    where
      USR_UMHS_BATCH.ID=@ID
      
	end try
	begin catch
		exec dbo.USP_RAISE_ERROR
		return 1
	end catch

return 0;
				]]>
			</c:CreateProcedureSQL>
		</SaveImplementation>

	</SPDataForm>

	<!-- describe fields on the form, which correspond to parameters on the SP.  Note that system paramters 
	like the record ID, DATALOADED, TSLONG, and CURRENTAPPUSERID need not be listed. -->
	<FormMetaData xmlns="bb_appfx_commontypes">
		<FormFields>
			<FormField FieldID="CONSTITUENTID" Caption="Constituent" DataType="Guid" />
		</FormFields>
	</FormMetaData>

</EditDataFormTemplateSpec>