﻿<EditDataFormTemplateSpec 
	xmlns="bb_appfx_editdataformtemplate"
	xmlns:c="bb_appfx_commontypes" 
	ID="d0a1af6e-5733-434d-94fe-87cf7296c6e2" 
	Name="MIMED Batch Data Form Edit Data Form"
	Description="Update MIMED Batch Providers record" 
	Author="UM Dev"
	DataFormInstanceID="9b3d2c39-a4e6-4f69-8e2e-9697a7c032d2" 
	RecordType="MIMED Data"
	c:SecurityUIFolder="MIMED Batch"
	FormHeader="MIMED Batch Edit Providers"
	>

	<SPDataForm>

		<!-- define the edit load SP, which is used to load the data for the form -->
		<LoadImplementation SPName="USR_UMHS_DATAFORMTEMPLATE_EDITLOAD_BATCH_PROVIDERS">
			<c:CreateProcedureSQL>
				<![CDATA[
create procedure dbo.USR_UMHS_DATAFORMTEMPLATE_EDITLOAD_BATCH_PROVIDERS
(
    @ID uniqueidentifier,
    @DATALOADED bit = 0 output,
    @TSLONG bigint = 0 output,
	  @PROVIDERID uniqueidentifier = null output,
    @CONSTITUENTID uniqueidentifier = null output
)
as

	set nocount on;

	set @DATALOADED = 0
	set @TSLONG = 0

	select
		@DATALOADED = 1,
		@TSLONG = TSLONG,
		@PROVIDERID = PROVIDERID,
    @CONSTITUENTID = @CONSTITUENTID
	from dbo.USR_UMHS_BATCH_PROVIDERS
	where ID = @ID

	return 0;
				]]>
			</c:CreateProcedureSQL>
		</LoadImplementation>

		<SaveImplementation SPName="USR_UMHS_DATAFORMTEMPLATE_EDIT_BATCH_PROVIDERS">
			<c:CreateProcedureSQL>
				<![CDATA[
create procedure dbo.USR_UMHS_DATAFORMTEMPLATE_EDIT_BATCH_PROVIDERS 
(
	@ID uniqueidentifier,
	@CHANGEAGENTID uniqueidentifier = null,
	@PROVIDERID uniqueidentifier,
  @CONSTITUENTID uniqueidentifier
)
as

	set nocount on;

	if @CHANGEAGENTID is null  
		exec dbo.USP_CHANGEAGENT_GETORCREATECHANGEAGENT @CHANGEAGENTID output
				
	declare @CURRENTDATE datetime
	set @CURRENTDATE = getdate()

	begin try
		-- handle updating the data
		update dbo.USR_UMHS_BATCH_PROVIDERS set
			PROVIDERID = @PROVIDERID,
			CONSTITUENTID = @CONSTITUENTID,
			CHANGEDBYID = @CHANGEAGENTID,
			DATECHANGED = @CURRENTDATE
		where ID = @ID
	end try
	begin catch
		exec dbo.USP_RAISE_ERROR
		return 1
	end catch

return 0;
				]]>
			</c:CreateProcedureSQL>
		</SaveImplementation>

	</SPDataForm>

	<!-- describe fields on the form, which correspond to parameters on the SP.  Note that system paramters 
	like the record ID, DATALOADED, TSLONG, and CURRENTAPPUSERID need not be listed. -->
	<FormMetaData xmlns="bb_appfx_commontypes">
		<FormFields>
      <FormField FieldID="PROVIDERID" Caption="Provider" DataType="Guid" />
			<FormField FieldID="CONSTITUENTID" Caption="Constituent" DataType="Guid" />
		</FormFields>
	</FormMetaData>

</EditDataFormTemplateSpec>