<PackageSpec 
    xmlns="bb_appfx_package"
    xmlns:c="bb_appfx_commontypes"
    ID="189ef1e3-f8b1-4caa-90f3-ceefbd42e2d7"
    Name="MIMED History Report Package"
    Description="A package defining specs related to mimed history report records"
    Author="UM Dev"
    >

	<!-- Note:  the order of the items listed here is important.  For example, you won't be able to load a data form that references 
	a table that hasn't been loaded, etc.  In general, the following order is recommended:
	
		(functions and procedures first)
		SQLFunctionSpec
		SQLStoredProcedureSpec
		TranslationFunctionSpec

		(tables next)
		CodeTableSpec
		TableSpec
		SQLViewSpec

		(features next)
		SimpleDataListSpec		
		SearchListSpec
		RecordOperationSpec
		DataListSpec
		
		(forms next)
		AddDataFormTemplateSpec
		EditDataFormTemplateSpec
		ViewDataFormTemplateSpec		

		(more feature types)
		BatchTypeSpec
		BusinessProcessSpec
		CalendarSpec
		FlashDashSpec
		GlobalChangeSpec
		IDMapperSpec
		KpiSpec
		MapEntitySpec
		MergeConfiguration
		MergeTaskSpec
		QueryViewSpec
		ReportSpec
		RelationshipMapSpec
		SmartFieldSpec
		SmartQuerySpec
		WorkflowInboxSpec
		WorkflowSpec
		
		(functional areas, pages, and tasks last)
		PageDefinitionSpec
		FunctionalAreaSpec
		TaskSpec	
	-->
	
	<c:DependencyList>
        <c:Dependency CatalogAssembly="UM.CustomFx.GratefulPatient.Catalog.dll" CatalogItem="UM.CustomFx.GratefulPatient.Catalog.UMHSData.MIMED_History.Functions.USR_UFN_UMHSHISTORY_APPUSER_AUDIT.xml" />
        <c:Dependency CatalogAssembly="UM.CustomFx.GratefulPatient.Catalog.dll" CatalogItem="UM.CustomFx.GratefulPatient.Catalog.UMHSData.MIMED_History.Functions.USR_UFN_UMHSHISTORY_UMHSCHILDTABLES_RECORDTYPE_AUDIT.xml" />
        <c:Dependency CatalogAssembly="UM.CustomFx.GratefulPatient.Catalog.dll" CatalogItem="UM.CustomFx.GratefulPatient.Catalog.UMHSData.MIMED_History.USR_USP_UMHS_GETHISTORY.xml" />
        <c:Dependency CatalogAssembly="UM.CustomFx.GratefulPatient.Catalog.dll" CatalogItem="UM.CustomFx.GratefulPatient.Catalog.UMHSData.MIMED_History.MIMEDHistory.Report.xml" />
	      <c:Dependency CatalogAssembly="UM.CustomFx.GratefulPatient.Catalog.dll" CatalogItem="UM.CustomFx.GratefulPatient.Catalog.UMHSData.MIMED_History.MIMED_HistoryReport.Task.xml" />
	      <c:Dependency CatalogAssembly="UM.CustomFx.GratefulPatient.Catalog.dll" CatalogItem="UM.CustomFx.GratefulPatient.Catalog.UMHSData.MIMED_History.MIMED_History.Page.xml" />
    </c:DependencyList>

</PackageSpec>
