<GlobalChangeSpec
    xmlns="bb_appfx_globalchange"
    xmlns:c="bb_appfx_commontypes"
    ID="fa920ed8-8127-4fe0-9ed9-d680fa49eba8"
    Name="Add MIMED Team Member Global Change (Custom)"
    Description="Global Change to add a Team Member to multiple MIMED Records at once."
    Author="UM Dev"
    DisplayName="Add MIMED Team Member"
    GlobalChangeFolder="MIMED Data"
    SPName="USR_UM_USP_GLOBALCHANGE_ADD_MIMEDTEAMMEMBER"
    >

  <!-- describe the SP that performs the global change operation -->
  <CreateProcedureSQL>
    <![CDATA[
create procedure dbo.USR_UM_USP_GLOBALCHANGE_ADD_MIMEDTEAMMEMBER
(
	@CHANGEAGENTID uniqueidentifier = null,
	@ASOF as datetime = null,
	@NUMBERADDED int = 0 output,
	@NUMBEREDITED int = 0 output,
	@NUMBERDELETED int = 0 output,
	@SELECTIONID uniqueidentifier,
	@TEAMMEMBERID uniqueidentifier,
  @TEAMMEMBERSITEID uniqueidentifier,
  @TEAMROLECODEID uniqueidentifier,
  @STARTDATE datetime,
  @ENDDATE datetime
)
as
  set nocount off;

  declare @CURRENTDATE datetime
	set @CURRENTDATE = getdate();
	set @NUMBERADDED = 0;
	set @NUMBEREDITED = 0;
	set @NUMBERDELETED = 0;

	if @CHANGEAGENTID is null
		exec dbo.USP_CHANGEAGENT_GETORCREATECHANGEAGENT @CHANGEAGENTID output;

  declare @SELECTION table (ID uniqueidentifier not null primary key);

	begin try
		insert into @SELECTION (ID) select ID from dbo.UFN_IDSETREADER_GETRESULTS_GUID(@SELECTIONID);

    declare c cursor for select umhs.ID from @SELECTION s inner join dbo.USR_UMHS_DATA umhs on s.ID = umhs.CONSTITUENTID;
    open c;
    
    declare @UMHSID as uniqueidentifier
    fetch next from c into @UMHSID;
    
    while @@FETCH_STATUS = 0
    begin
      exec dbo.USR_USP_DATAFORMTEMPLATE_ADD_UMHS_TEAM
        @ID = null,
        @CHANGEAGENTID = null,
        @UMHSID = @UMHSID,
        @TEAMMEMBERID = @TEAMMEMBERID,
        @SITEID = @TEAMMEMBERSITEID,
        @TEAMROLECODEID = @TEAMROLECODEID,
        @STARTDATE = @STARTDATE,
        @ENDDATE = @ENDDATE;
    
      set @NUMBERADDED = @NUMBERADDED + 1;
      fetch next from c into @UMHSID
    end
    
    close c;
    deallocate c;
	end try

	begin catch
		exec dbo.USP_RAISE_ERROR;
		return 1;
	end catch
		]]>
  </CreateProcedureSQL>

  <ParametersFormMetaData>

    <!-- describe fields on the parameter form, which correspond to parameters on the SP.  Note that system parameters 
		like the context @CHANGEAGENTID, @ASOF, @NUMBERADDED, @NUMBEREDITED, and @NUMBERDELETED need not be listed. -->
    <FormMetaData xmlns="bb_appfx_commontypes">
      <FormFields>
        <FormField FieldID="SELECTIONID" Caption="Selection" DataType="Guid" Required="true">
          <!--Constituent Search-->
          <SearchList SearchListID="98d0070e-c4a7-495b-a438-2ac12da79068" EnableQuickFind="true">
            <FormFieldOverrides>
              <FormFieldOverride FieldID="RECORDTYPEID" DefaultValueText="64CC83C4-CEBF-426B-B72F-B96CEBA4818A" ReadOnly="true" />
            </FormFieldOverrides>
          </SearchList>
        </FormField>
        <FormField FieldID="TEAMMEMBERID" Caption="Team Member" DataType="Guid" Required="true">
          <!--Fundraiser Search-->
          <SearchList SearchListID="35FA0186-B669-436F-913A-5E9FD5E59982" EnableQuickFind="true" />
        </FormField>
        <FormField FieldID="TEAMMEMBERSITEID" Caption="Site" DataType="Guid">
          <SimpleDataList SimpleDataListID="c8e8d3ba-2725-421f-a796-e2fcc1202780">
            <SearchList SearchListID="27a63ede-a0d4-4074-a85a-196df4adc0dd" EnableQuickFind="true" />
          </SimpleDataList>
        </FormField>
        <FormField FieldID="TEAMROLECODEID" Caption="Team Role" DataType="Guid" Required="true">
          <CodeTable CodeTableName="USR_UMHS_TEAMROLECODE" />
        </FormField>
        <FormField FieldID="STARTDATE" Caption="Start Date" DataType="Date" Required="true" />
        <FormField FieldID="ENDDATE" Caption="End Date" DataType="Date" />
      </FormFields>

      <WebUIComponent>
        <UIModel AssemblyName="UM.CustomFx.GratefulPatient.UIModel.dll" ClassName="UM.CustomFx.GratefulPatient.UIModel.MIMEDTeamMemberGlobalChangeUIModel" />
        <WebUI>
          <ExternalResource Url="browser/htmlforms/custom/um.customfx.gratefulpatient/MIMEDTeamMemberGlobalChange.html" />
        </WebUI>
      </WebUIComponent>
    </FormMetaData>
  </ParametersFormMetaData>
</GlobalChangeSpec>