<GlobalChangeSpec 
    xmlns="bb_appfx_globalchange"
    xmlns:c="bb_appfx_commontypes"
    ID="C6358398-8E3E-4BE0-9671-9ACAC7EE3E20"
    Name="MIMED Affiliation Delete Global Change"
    Description="Deletes MIMED Affiliations"
    Author="UM Dev"
    DisplayName="Delete MIMED Affiliations"
    GlobalChangeFolder="MIMED Data"
    SPName="USR_USP_MIMEDAFFILIATIONDELETE_GLOBALCHANGE"
    >

	<!-- describe the SP that performs the global change operation -->
	<CreateProcedureSQL>
		<![CDATA[
create procedure dbo.USR_USP_MIMEDAFFILIATIONDELETE_GLOBALCHANGE
(
	@CHANGEAGENTID uniqueidentifier = null,
	@ASOF as datetime = null,
	@NUMBERADDED int = 0 output,
	@NUMBEREDITED int = 0 output,
	@NUMBERDELETED int = 0 output,
  @IDSETREGISTERID uniqueidentifier = null,
	@AFFILIATIONCATEGORYCODEID uniqueidentifier = null,
	@AFFILIATIONBASENAMECODEID uniqueidentifier = null,
  @STARTDATE date = null,
  @ENDDATE date = null,  
	@DEPARTMENTID uniqueidentifier = null,
	@SUBDEPARTMENTID uniqueidentifier = null,
  @CURRENTAPPUSERID uniqueidentifier = null
)
as			
	set nocount off;
  
  declare @BYPASSSECURITY bit;
  declare @BPID uniqueidentifier;
  declare @BYPASSSITESECURITY bit;
  declare @SECURITYCLAUSE nvarchar(max);
  declare @MULTIPLEATTRIBUTESECURITYCLAUSE nvarchar(max);
  declare @SECURITYPARAMETERS nvarchar(500);	

  declare @CURRENTDATE datetime
	set @CURRENTDATE = getdate();
	set @NUMBERADDED = 0;
	set @NUMBEREDITED = 0;
	set @NUMBERDELETED = 0; 
					
	begin try
 -- do the global change operation here, and set @NUMBERADDED, @NUMBEREDITED, and/or @NUMBERDELETED as appropriate
    SET @BPID = '3269A1D1-31CB-4D28-945C-B7623A3EFCCA';

    EXEC DBO.USP_SECURITY_APPUSER_BYPASSSECURITYFORBUSINESSPROCESS
      @CURRENTAPPUSERID,
      @BPID,
      @BYPASSSECURITY OUTPUT,
      @BYPASSSITESECURITY OUTPUT;

    IF @CHANGEAGENTID IS NULL
      EXEC DBO.USP_CHANGEAGENT_GETORCREATECHANGEAGENT
        @CHANGEAGENTID OUTPUT;

    /* Create temp table to hold selection ID values */
    DECLARE @SELECTION AS TABLE (
      ID UNIQUEIDENTIFIER NOT NULL PRIMARY KEY
    )

    --retrieve records from the selection based on whether or not the user should bypass security
    IF @BYPASSSECURITY = 0 OR @BYPASSSITESECURITY = 0
      BEGIN
          --insert records from the selection for which the user has rights
          INSERT INTO @SELECTION (ID)
          SELECT SELECTEDCONSTITUENT.ID
          FROM   DBO.UFN_IDSETREADER_GETRESULTS_GUID(@IDSETREGISTERID) SELECTEDCONSTITUENT
                 LEFT JOIN DBO.UFN_SECURITY_APPUSER_GRANTED_CONSTITIDS_FORBUSINESSPROCESS(@CURRENTAPPUSERID, @BPID) AS CONSTIT_RACS ON SELECTEDCONSTITUENT.ID = CONSTIT_RACS.ID
          WHERE  ( @BYPASSSECURITY = 1
                    OR CONSTIT_RACS.ID IS NOT NULL )
                 AND ( @BYPASSSITESECURITY = 1
                        OR EXISTS (SELECT 1
                                   FROM   DBO.CONSTITUENTSITE
                                   WHERE  CONSTITUENTSITE.CONSTITUENTID = SELECTEDCONSTITUENT.ID
                                          AND DBO.UFN_SECURITY_APPUSER_GRANTED_BUSINESSPROCESS_FORSITE(@CURRENTAPPUSERID, @BPID, CONSTITUENTSITE.SITEID) = 1) )
      END
    ELSE
      BEGIN
          --insert all records from the selection
          INSERT INTO @SELECTION (ID)
          SELECT ID FROM DBO.UFN_IDSETREADER_GETRESULTS_GUID(@IDSETREGISTERID)
      END

    --create a table variable for deleting affiliations in the filter
    DECLARE @CONSTITUENTAFFILIATIONLIST AS TABLE (
      ID     UNIQUEIDENTIFIER
    )

    -- Create temp table for list of constituent affiliation IDs
    INSERT INTO @CONSTITUENTAFFILIATIONLIST
    SELECT CA.ID ID
    FROM   DBO.USR_UMHS_AFFILIATION CA
		 JOIN DBO.USR_UMHS_DATA D ON D.ID = CA.UMHSID
           JOIN @SELECTION SC ON SC.ID = D.CONSTITUENTID
           JOIN DBO.USR_UMHS_AFFILIATIONBASE CAB ON CAB.ID = CA.AFFILIATIONBASENAMECODEID
           JOIN DBO.USR_UMHS_AFFILIATIONCATEGORYTYPECODE CAT ON CAT.ID = cab.UMHSAFFILIATIONCATEGORYCODEID
    WHERE  CAT.ID = @AFFILIATIONCATEGORYCODEID
           AND CAB.ID = @AFFILIATIONBASENAMECODEID
           AND CA.DEPARTMENTID = @DEPARTMENTID
           AND ((@STARTDATE IS NULL ) OR (CA.STARTDATE = @STARTDATE ))
           AND ((@SUBDEPARTMENTID IS NULL ) OR (CA.SUBDEPARTMENTID = @SUBDEPARTMENTID ))
           AND ((@ENDDATE IS NULL ) OR (CA.ENDDATE = @ENDDATE ))

    WHILE (SELECT COUNT(ID) FROM @CONSTITUENTAFFILIATIONLIST) > 0
      BEGIN
	      DECLARE @AFFILIATIONID UNIQUEIDENTIFIER = (SELECT TOP 1 ID FROM @CONSTITUENTAFFILIATIONLIST)

        EXEC DBO.USR_USP_UMHS_AFFILIATION_DELETE @ID = @AFFILIATIONID, @CHANGEAGENTID = @CHANGEAGENTID
	      
        DELETE FROM @CONSTITUENTAFFILIATIONLIST WHERE  ID = @AFFILIATIONID
	      
        SET @NUMBERDELETED = @NUMBERDELETED + 1;
      END   
	end try
	
	begin catch
  	exec dbo.USP_RAISE_ERROR;
		return 1;
	end catch
		]]>
	</CreateProcedureSQL>

  <ParametersFormMetaData>

    <!-- describe fields on the parameter form, which correspond to parameters on the SP.  Note that system parameters 
		like the context @CHANGEAGENTID, @ASOF, @NUMBERADDED, @NUMBEREDITED, and @NUMBERDELETED need not be listed. 
    
        <FormField FieldID="SITEID" Required="true" Caption="Site">
          <SimpleDataList SimpleDataListID="1526b937-c635-443f-ac89-0bdafeae6c5a">
            <SearchList SearchListID="27a63ede-a0d4-4074-a85a-196df4adc0dd" />
          </SimpleDataList>
        </FormField>     
    -->
    <FormMetaData xmlns="bb_appfx_commontypes" FixedDialog="true">
      <FormFields>
        <FormField FieldID="IDSETREGISTERID" DataType="Guid" Required="true" Caption="Selection">
          <SearchList SearchListID="98d0070e-c4a7-495b-a438-2ac12da79068" EnableQuickFind="true">
            <FormFieldOverrides>
              <FormFieldOverride FieldID="RECORDTYPEID" Caption="Record type" ReadOnly="true" DefaultValueText="Fields!RECORDTYPEID" />
            </FormFieldOverrides>
          </SearchList>
        </FormField>
        <FormField FieldID="RECORDTYPEID" DataType="Guid" ReadOnly="true" Hidden="true" />
        <FormField FieldID="AFFILIATIONCATEGORYCODEID" DataType="Guid" Required="true" Caption="Category">
          <CodeTable CodeTableName="USR_UMHS_AFFILIATIONCATEGORYTYPECODE" />
        </FormField>
        <FormField FieldID="AFFILIATIONBASENAMECODEID" DataType="Guid" Required="true" Caption="Name" Hidden="false">
          <SimpleDataList SimpleDataListID="4c646cee-0f5b-4197-b4d3-0869693cfc2d">
            <Params>
              <Param ID="AFFILIATIONCATEGORYCODEID">
                <Value>Fields!AFFILIATIONCATEGORYCODEID</Value>
              </Param>
            </Params>
          </SimpleDataList>
        </FormField>
        <FormField FieldID="STARTDATE" DataType="Date" Caption="Start date" />
        <FormField FieldID="ENDDATE" DataType="Date" Caption="End date" />
        <FormField FieldID="DEPARTMENTID" DataType="Guid" Caption="MIMED department" Required="true">
          <SimpleDataList SimpleDataListID="0cbdb7f1-f629-4e7b-a7e1-c3e4ebd7d325">
          </SimpleDataList>
        </FormField>
        <FormField FieldID="SUBDEPARTMENTID" DataType="Guid" Caption="MIMED subdepartment">
          <SimpleDataList SimpleDataListID="879b4e21-6a71-4c60-9b41-771fa39ef9cf">
            <Params>
              <Param ID="DEPARTMENTID">
                <Value>Fields!DEPARTMENTID</Value>
              </Param>
            </Params>
          </SimpleDataList>
        </FormField>
      </FormFields>

        <WebUIComponent>
            <UIModel AssemblyName="UM.CustomFx.GratefulPatient.UIModel.dll" ClassName="UM.CustomFx.GratefulPatient.UIModel.MIMEDAffiliationDeleteGlobalChangeUIModel" />
            <WebUI>
                <ExternalResource Url="browser/htmlforms/custom/um.customfx.gratefulpatient/MIMEDAffiliationDeleteGlobalChange.html" />
            </WebUI>
        </WebUIComponent>
        
      
    </FormMetaData>
  </ParametersFormMetaData>
</GlobalChangeSpec>
