﻿<GlobalChangeSpec 
	xmlns="bb_appfx_globalchange"
	xmlns:c="bb_appfx_commontypes"
	ID="78865081-925f-4b3a-a942-96527d24938d"
	Name="Delete MIMED Team Member Global Change (Custom)"
	Description="Global Change to delete a Team Member from multiple MIMED Records at once."
	Author="UM Dev"
	DisplayName="Delete MIMED Team Member"
	GlobalChangeFolder="MIMED Data"
	SPName="USR_UM_USP_GLOBALCHANGE_DELETE_MIMEDTEAMMEMBER"
>

	<!-- describe the SP that performs the global change operation -->
	<CreateProcedureSQL>
		<![CDATA[
create procedure dbo.USR_UM_USP_GLOBALCHANGE_DELETE_MIMEDTEAMMEMBER
(
	@CHANGEAGENTID uniqueidentifier = null,
	@ASOF as datetime = null,
	@NUMBERADDED int = 0 output,
	@NUMBEREDITED int = 0 output,
	@NUMBERDELETED int = 0 output,
	@SELECTIONID uniqueidentifier,
	@TEAMMEMBERID uniqueidentifier,
  @TEAMMEMBERSITEID uniqueidentifier,
  @TEAMROLECODEID uniqueidentifier,
  @STARTDATE datetime,
  @ENDDATE datetime
)
as
	set nocount off;
	
	declare @CURRENTDATE datetime
	set @CURRENTDATE = getdate();
	set @NUMBERADDED = 0;
	set @NUMBEREDITED = 0;
	set @NUMBERDELETED = 0; 
	
	if @CHANGEAGENTID is null
		exec dbo.USP_CHANGEAGENT_GETORCREATECHANGEAGENT @CHANGEAGENTID output;

  declare @SELECTION table (ID uniqueidentifier not null primary key);

	begin try
    insert into @SELECTION (ID) select ID from dbo.UFN_IDSETREADER_GETRESULTS_GUID(@SELECTIONID);
    
    delete t
    from dbo.USR_UMHS_TEAM t
      inner join dbo.USR_UMHS_DATA d on t.UMHSID = d.ID
      inner join @SELECTION s on d.CONSTITUENTID = s.ID
    where t.TEAMMEMBERID = @TEAMMEMBERID
      and (@TEAMMEMBERSITEID is null or isnull(t.SITEID,'00000000-0000-0000-0000-000000000000') = isnull(@TEAMMEMBERSITEID,'00000000-0000-0000-0000-000000000000'))
      and (@TEAMROLECODEID is null or isnull(t.TEAMROLECODEID,'00000000-0000-0000-0000-000000000000') = isnull(@TEAMROLECODEID,'00000000-0000-0000-0000-000000000000'))
      and (@STARTDATE is null or isnull(t.STARTDATE,'') = isnull(@STARTDATE,''))
      and (@ENDDATE is null or isnull(t.ENDDATE,'') = isnull(@ENDDATE,''))

    set @NUMBERDELETED = @@ROWCOUNT;
	end try

	begin catch
		exec dbo.USP_RAISE_ERROR;
		return 1;
	end catch
		]]>
	</CreateProcedureSQL>

	<ParametersFormMetaData>

		<!-- describe fields on the parameter form, which correspond to parameters on the SP.  Note that system parameters 
		like the context @CHANGEAGENTID, @ASOF, @NUMBERADDED, @NUMBEREDITED, and @NUMBERDELETED need not be listed. -->
		<FormMetaData xmlns="bb_appfx_commontypes">
			<FormFields>
			  <FormField FieldID="SELECTIONID" Caption="Selection" DataType="Guid" Required="true">
			    <!--Constituent Search-->
			    <SearchList SearchListID="98d0070e-c4a7-495b-a438-2ac12da79068" EnableQuickFind="true">
            <FormFieldOverrides>
			        <FormFieldOverride FieldID="RECORDTYPEID" DefaultValueText="64CC83C4-CEBF-426B-B72F-B96CEBA4818A" ReadOnly="true" />
			      </FormFieldOverrides>
			    </SearchList>
			  </FormField>
			  <FormField FieldID="TEAMMEMBERID" Caption="Team Member" DataType="Guid" Required="true">
			    <!--Fundraiser Search-->
			    <SearchList SearchListID="35FA0186-B669-436F-913A-5E9FD5E59982" EnableQuickFind="true" />
        </FormField>
			  <FormField FieldID="TEAMMEMBERSITEID" Caption="Site" DataType="Guid">
			    <SimpleDataList SimpleDataListID="c8e8d3ba-2725-421f-a796-e2fcc1202780">
			      <SearchList SearchListID="27a63ede-a0d4-4074-a85a-196df4adc0dd" EnableQuickFind="true" />
			    </SimpleDataList>
			  </FormField>
			  <FormField FieldID="TEAMROLECODEID" Caption="Team Role" DataType="Guid">
			    <CodeTable CodeTableName="USR_UMHS_TEAMROLECODE" />
			  </FormField>
			  <FormField FieldID="STARTDATE" Caption="Start Date" DataType="Date" />
			  <FormField FieldID="ENDDATE" Caption="End Date" DataType="Date" />
			</FormFields>

		  <WebUIComponent>
		    <UIModel AssemblyName="UM.CustomFx.GratefulPatient.UIModel.dll" ClassName="UM.CustomFx.GratefulPatient.UIModel.MIMEDTeamMemberGlobalChangeUIModel" />
		    <WebUI>
		      <ExternalResource Url="browser/htmlforms/custom/um.customfx.gratefulpatient/MIMEDTeamMemberGlobalChange.html" />
		    </WebUI>
		  </WebUIComponent>
		</FormMetaData>
	</ParametersFormMetaData>
</GlobalChangeSpec>
