﻿<EditDataFormTemplateSpec 
	xmlns="bb_appfx_editdataformtemplate"
	xmlns:c="bb_appfx_commontypes" 
	ID="90871771-2670-4b6c-8014-45bed2b2eec1" 
	Name="MIMED department Edit Form"
	Description="A data form for editing MIMED department records." 
	Author="UM Dev"
	DataFormInstanceID="f825705b-48ec-4853-b0bc-04fb15b1f38d" 
	RecordType="MIMED Department"
	c:SecurityUIFolder="MIMED Data"
	FormHeader="Edit MIMED department"
	>

	<SPDataForm>

		<!-- define the edit load SP, which is used to load the data for the form -->
		<LoadImplementation SPName="USR_UM_USP_DATAFORMTEMPLATE_EDITLOAD_UMHSDEPARTMENT">
			<c:CreateProcedureSQL>
				<![CDATA[
create procedure dbo.USR_UM_USP_DATAFORMTEMPLATE_EDITLOAD_UMHSDEPARTMENT
(
    @ID uniqueidentifier,
                    @DATALOADED bit = 0 output,
                    @TSLONG bigint = 0 output,
                    @NAME nvarchar(100) = null output,
                    @SORTMETHODCODE tinyint = null output,
                    @ISINACTIVE bit = null output
                )
                as
                    set nocount on;
                     
                    set @DATALOADED = 0;
                    set @TSLONG = 0;
                     
                    select
                        @DATALOADED = 1,
                        @NAME = D.NAME,
                        @ISINACTIVE = D.ISINACTIVE,
                        @TSLONG = D.TSLONG,
                        @SORTMETHODCODE = SORTMETHODCODE
                    from
                        dbo.USR_UMHS_DEPARTMENT D
                    where
                        D.ID = @ID;
	return 0;
				]]>
			</c:CreateProcedureSQL>
		</LoadImplementation>

		<SaveImplementation SPName="USR_UM_USP_DATAFORMTEMPLATE_EDIT_UMHSDEPARTMENT">
			<c:CreateProcedureSQL>
				<![CDATA[
create procedure dbo.USR_UM_USP_DATAFORMTEMPLATE_EDIT_UMHSDEPARTMENT 
(
                    @ID uniqueidentifier,
                    @CHANGEAGENTID uniqueidentifier = null,
                    @NAME nvarchar(100),
                    @SORTMETHODCODE tinyint,
                    @ISINACTIVE bit
                )
                as
                    set nocount on;
                                         
                    declare @CURRENTDATE datetime;
                     
                    if @CHANGEAGENTID is null  
                        exec dbo.USP_CHANGEAGENT_GETORCREATECHANGEAGENT @CHANGEAGENTID output;
                         
                    set @CURRENTDATE = getdate();
                         
                    begin try
                        update
                            dbo.USR_UMHS_DEPARTMENT
                        set
                            NAME = @NAME,
                            ISINACTIVE = @ISINACTIVE,
                            DATECHANGED = @CURRENTDATE,
                            CHANGEDBYID = @CHANGEAGENTID,
                            SORTMETHODCODE = @SORTMETHODCODE
                        where 
                            ID = @ID;
                                      
                    end try
                    begin catch
                        exec dbo.USP_RAISE_ERROR;
                        return 1;
                    end catch

return 0;
				]]>
			</c:CreateProcedureSQL>
      <ExpectedDBExceptions xmlns="bb_appfx_commontypes">
        <c:Constraints>
          <c:Constraint Name="CK_USR_UMHS_DEPARTMENT_NAME" Field="NAME" Type="Unique">
            <c:CustomErrorMsg>There is an existing Department with the same name.</c:CustomErrorMsg>
          </c:Constraint>
        </c:Constraints>
      </ExpectedDBExceptions>
		</SaveImplementation>

	</SPDataForm>

	<!-- describe fields on the form, which correspond to parameters on the SP.  Note that system paramters 
	like the record ID, DATALOADED, TSLONG, and CURRENTAPPUSERID need not be listed. -->
	<FormMetaData xmlns="bb_appfx_commontypes">
    <FormFields>
      <FormField FieldID="NAME" Required="true" MaxLength="100" Caption="Name" CaptionResourceKey="$$name" />
      <FormField FieldID="SORTMETHODCODE" DataType="TinyInt" Required="true" Caption="Sort Method" CaptionResourceKey="$$sort_method">
        <ValueList>
          <Items>
            <Item>
              <Value>0</Value>
              <Label>Alpha</Label>
            </Item>
            <Item>
              <Value>1</Value>
              <Label>User-Defined</Label>
            </Item>
          </Items>
        </ValueList>
      </FormField>
      <FormField FieldID="ISINACTIVE" DataType="Boolean" Caption="Inactive" CaptionResourceKey="$$inactive" />
    </FormFields>
	</FormMetaData>

</EditDataFormTemplateSpec>