﻿<RecordOperationSpec 
	xmlns="bb_appfx_recordoperation"
	xmlns:c="bb_appfx_commontypes" 
	ID="e8301786-b0b1-486f-a88a-387e13fe9ccf" 
	Name="MIMED department: Delete" 
	Description="Deletes the MIMED department"
	Author="UM Dev"
	OperationType="Delete"
	RecordType="MIMED Data"
	c:SecurityUIFolder="MIMED Data"
	>

	<SPRecord>
		<SPOperationImplementation SPName="USR_UM_USP_RECORDOPERATION_UMHSDEPARTMENT">
			<c:CreateProcedureSQL>
				<![CDATA[
                    create procedure dbo.USR_UM_USP_RECORDOPERATION_UMHSDEPARTMENT
                    (
                        @ID uniqueidentifier,
                        @CHANGEAGENTID uniqueidentifier
                    )
                    as
                        set nocount on;
                        exec dbo.USP_USR_UMHS_DEPARTMENT_DELETEBYID_WITHCHANGEAGENTID @ID, @CHANGEAGENTID;
                        return 0;
				]]>
			</c:CreateProcedureSQL>
		</SPOperationImplementation>
    
  </SPRecord>
  <Prompt>
    <StandardPrompt Text="Are you sure you want to delete this department?" />
  </Prompt>

	<!-- optionally, offer a prompt before executing the record operation 
	<Prompt>
		<StandardPrompt Text="Are you sure you want to continue?" />
	</Prompt>-->

</RecordOperationSpec>