﻿<ViewDataFormTemplateSpec 
	xmlns="bb_appfx_viewdataformtemplate" 
	xmlns:c="bb_appfx_commontypes" 
	ID="38e7b43c-dd1c-4d26-8828-1e8344525910" 
	Name="MIMED Sub Department Page Expression View Form"
	Description="This dateform template is used by the subdepartment page for input into properties defined as expressions."
	Author="UM Dev"
	DataFormInstanceID="b3523f55-d8cb-46ce-a8a7-c6818ff705de" 
	RecordType="MIMED Department"
	c:SecurityUIFolder="MIMED Data"
	>

	<!-- define the SP that returns the data used by the form -->
	<SPDataForm SPName="USR_UM_USP_DATAFORMTEMPLATE_VIEW_UMHSSUBDEPARTMENT">
		<c:CreateProcedureSQL>
			<![CDATA[
create procedure dbo.USR_UM_USP_DATAFORMTEMPLATE_VIEW_UMHSSUBDEPARTMENT
(
	        @ID uniqueidentifier,
					@DATALOADED bit = 0 output,
					@DEPARTMENTNAME nvarchar(400) = null output,
					@NUMSUBDEPARTMENTS int = null output,
					@SORTMETHODCODE tinyint = null output
				)
				as
					set nocount on;
					
					set @DATALOADED = 0;
					
					select
						@DATALOADED = 1,
						@DEPARTMENTNAME = D.NAME,
						@NUMSUBDEPARTMENTS = (select count(ID) from dbo.USR_UMHS_SUBDEPARTMENT where DEPARTMENTID = @ID),
						@SORTMETHODCODE = SORTMETHODCODE
					from
						dbo.USR_UMHS_DEPARTMENT AS D
					where
						D.ID = @ID;

					return 0;
			
			]]>
		</c:CreateProcedureSQL>
	</SPDataForm>

	<!-- describe fields on the form, which correspond to parameters on the SP.  Note that system paramters 
	like the context @ID, @DATALOADED, and @CURRENTAPPUSERID need not be listed. -->
  <c:FormMetaData xmlns="bb_appfx_commontypes">    
      <c:FormFields>
        <c:FormField FieldID="DEPARTMENTNAME" MaxLength="400" Caption="DEPARTMENTNAME" />
        <c:FormField FieldID="NUMSUBDEPARTMENTS" DataType="Integer" Caption="NUMSUBDEPARTMENTS" />
        <c:FormField FieldID="SORTMETHODCODE" DataType="TinyInt" Caption="SORTMETHODCODE" />
      </c:FormFields>  
	</c:FormMetaData>


</ViewDataFormTemplateSpec>