﻿<DataListSpec 
	xmlns="bb_appfx_datalist"
	xmlns:c="bb_appfx_commontypes" 
	ID="54c76fc6-9f5c-4513-be07-8ba277efead9" 
	Name="MIMED Sub Departments List"
	Description="A data list showing MIMED sub department records." 
	Author="UM Dev"
	c:SecurityUIFolder="MIMED Data"
	>
  <ResourceFile AssemblyName="Blackbaud.AppFx.Constituent.Catalog.dll" ClassName="Blackbaud.AppFx.Constituent.Catalog.Department.DataList" />

  <!-- define the SP that returns the data for the datalist -->
	<SPDataList SPName="USR_UM_USP_DATALIST_UMHSSUBDEPARTMENT">
		<c:CreateProcedureSQL>
			<![CDATA[
        create procedure dbo.USR_UM_USP_DATALIST_UMHSSUBDEPARTMENT
        (
	        @DEPARTMENTID uniqueidentifier,
						@INCLUDEINACTIVE bit = 1
					)
					as
						declare @SORTMETHODCODE tinyint;
						set @SORTMETHODCODE = (select SORTMETHODCODE from dbo.USR_UMHS_DEPARTMENT where ID = @DEPARTMENTID);
										  
						set nocount on;
						 
						select	
							ID,
							NAME,
							1 - ISINACTIVE,
							SEQUENCE
						from 
							dbo.USR_UMHS_SUBDEPARTMENT
						where (DEPARTMENTID = @DEPARTMENTID) 
						and (@INCLUDEINACTIVE = 1 or ISINACTIVE = 0)
						order by
							case @SORTMETHODCODE when 1 then SEQUENCE else 0 end,
							NAME;
			]]>
		</c:CreateProcedureSQL>
	</SPDataList>

	<!-- describe the context ID parameter for the SP (if applicable)-->
  <Context ContextRecordType="Department" RecordIDParameter="DEPARTMENTID" />
  <Parameters>
    <c:FormMetaData>
      <c:FormFields>
        <c:FormField FieldID="INCLUDEINACTIVE" DataType="Boolean" Caption="Include inactive" DefaultValueText="1" CaptionResourceKey="$$includeinactive"  />
      </c:FormFields>
    </c:FormMetaData>
  </Parameters>
  <Output>
    <OutputFields>
      <OutputField FieldID="ID" Caption="ID" IsHidden="true" DataType="Guid" />
      <OutputField FieldID="NAME" Caption="Subdepartment" DataType="String" CaptionResourceKey="$$subdepartment" />
      <OutputField FieldID="ISACTIVE" Caption="Active" DataType="Boolean" CaptionResourceKey="$$active"  />
      <OutputField FieldID="SEQUENCE" Caption="Sequence" IsHidden="true" DataType="Integer" />
    </OutputFields>
  </Output>

</DataListSpec>
