<RecordOperationSpec
    xmlns:c="bb_appfx_commontypes"
    ID="59e59de8-f8cc-4fc4-a5b6-697f89cfc54e"
    Name="MIMED Team Delete"
    Description="Used to delete the given MIMED Team"
    Author="UM Dev"
    RecordType="MIMED Team"
    OperationType="Delete"
    c:SecurityUIFolder="MIMED Data"
    xmlns="bb_appfx_recordoperation"
    >
  <SPRecord>
    <SPOperationImplementation SPName="USR_USP_UMHS_TEAM_DELETE">
      <c:CreateProcedureSQL>
        <![CDATA[
            create procedure dbo.USR_USP_UMHS_TEAM_DELETE
            (
	            @ID uniqueidentifier,
	            @CHANGEAGENTID uniqueidentifier
            )
            as begin
	            --check deletion rules, if any

	            -- use the system generated delete routine to allow proper recording of the deleting agent
	            exec USP_USR_UMHS_TEAM_DELETEBYID_WITHCHANGEAGENTID @ID, @CHANGEAGENTID
	            return 0;
	
            end
            ]]>
      </c:CreateProcedureSQL>
    </SPOperationImplementation>
  </SPRecord>
  <Prompt>
    <StandardPrompt Text="Are you sure you want to delete this MIMED Team record?" />
  </Prompt>
</RecordOperationSpec>