﻿<QueryViewSpec
	xmlns="bb_appfx_queryview"
	xmlns:c="bb_appfx_commontypes" 
	ID="ef431a9a-6615-428c-9cde-66f5dfa25d8d"
	Name="MIMED Team Query"
	Description="A view defined for querying on MIMED team records"
	Author="UM Dev"
	IsRoot="true"
	PrimaryKeyField="ID"
	RecordType="MIMED Data"
	c:SecurityUIFolder="MIMED Data"
	>
  
	<!-- define the view used to return data for the query -->
	<ViewImplementation ViewName="USR_UM_V_QUERY_UMHSTEAM">
		<ViewSQL>
			<![CDATA[
       SELECT T.ID,
        T.UMHSID,
		    C.NAME TEAMMEMBER,
        SITE.NAME as SITEID,
        R.DESCRIPTION TEAMROLE,
		    T.TEAMROLECODEID,
		    T.STARTDATE,
		    T.ENDDATE,
		    [ADDEDBY].APPLICATIONNAME   AS [ADDEDBY_APPLICATION],
        [ADDEDBY].USERNAME          AS [ADDEDBY_USERNAME],
        [CHANGEDBY].APPLICATIONNAME AS [CHANGEDBY_APPLICATION],
        [CHANGEDBY].USERNAME        AS [CHANGEDBY_USERNAME],
        T.DATEADDED,
        T.DATECHANGED
        FROM   DBO.USR_UMHS_TEAM T       
        LEFT JOIN CONSTITUENT C ON C.ID = T.[TEAMMEMBERID]
        LEFT JOIN DBO.USR_UMHS_TEAMROLECODE R ON T.[TEAMROLECODEID] = R.ID
         LEFT join SITE on SITE.[ID] = T.[SITEID]
        LEFT JOIN DBO.CHANGEAGENT AS [ADDEDBY] ON ADDEDBY.ID = T.ADDEDBYID
        LEFT JOIN DBO.CHANGEAGENT AS [CHANGEDBY] ON CHANGEDBY.ID = T.CHANGEDBYID 			
			]]>
		</ViewSQL>
	</ViewImplementation>

	<!-- describe each field in the view output -->
	<Output>
		<OutputFields>
			<OutputField Caption="System record ID" Category="System Fields" Name="ID" />
      <OutputField Caption="MIMED ID" Category="System Fields" Name="UMHSID" />
      <OutputField Name="TEAMMEMBER" Caption="Team member" />
		  <OutputField Name="SITEID" Caption="Site" DataType="String">
		    <LookupInfo>
		      <SimpleDataList SimpleDataListID="C8E8D3BA-2725-421f-A796-E2FCC1202780" />
		    </LookupInfo>
		  </OutputField>
      <OutputField Name="TEAMROLE" Caption="Team role" />
      <OutputField Name="TEAMROLECODEID" Caption="Team role code ID" IsHidden="true"/>
      <OutputField Name="STARTDATE" Caption="Start date" />
      <OutputField Name="ENDDATE" Caption="End date" />
      <OutputField Name="ADDEDBY_APPLICATION" Caption="Added by application" DataType="String" Category="System Fields"/>
      <OutputField Name="ADDEDBY_USERNAME" Caption="Added by user name" DataType="String" Category="System Fields"/>
      <OutputField Name="CHANGEDBY_APPLICATION" Caption="Changed by application" DataType="String" Category="System Fields"/>
      <OutputField Name="CHANGEDBY_USERNAME" Caption="Changed by user name" DataType="String" Category="System Fields"/>
      <OutputField Name="DATEADDED" Caption="Date added" DataType="Date" Category="System Fields"/>
      <OutputField Name="DATECHANGED" Caption="Date changed" DataType="Date" Category="System Fields"/>
    </OutputFields>
	</Output>
  <RelationshipOperations>
    <AddToParentView ParentView="USR_V_QUERY_UMHS_DATA" Field="UMHSID" ParentViewRelatedField="ID" PathAlias="MIMED Team"/>
  </RelationshipOperations>
</QueryViewSpec>

