﻿<ViewDataFormTemplateSpec 
	xmlns="bb_appfx_viewdataformtemplate" 
	xmlns:c="bb_appfx_commontypes" 
	ID="e5ec5f2f-0786-48ab-816b-8dd9f0c96daa" 
	Name="MIMED Data Referral View Form"
	Description="A data form for viewing MIMED data referral records."
	Author="UM Dev"
	DataFormInstanceID="f6b2aa47-83d5-4446-aab8-c09da3cf3b6e" 
	RecordType="MIMED Data"
	c:SecurityUIFolder="MIMED Data"
	>

	<!-- define the SP that returns the data used by the form -->
	<SPDataForm SPName="USR_UMHS_USP_DATAFORMTEMPLATE_VIEW_UMHSDATAREFERRAL">
		<c:CreateProcedureSQL>
			<![CDATA[
            create procedure dbo.USR_UMHS_USP_DATAFORMTEMPLATE_VIEW_UMHSDATAREFERRAL
              (
	          @ID uniqueidentifier,
	          @DATALOADED bit = 0 output,
            @UMHSID uniqueidentifier = null output,
            @PATIENT nvarchar(100) = null output,
            @REFERRER nvarchar(100) = null output,
            @REFERRERROLE nvarchar(100) = null output,
            @MEDSTAFF nvarchar(100) = null output,
            @DEPARTMENTNAME nvarchar(100) = null output,
            @SUBDEPARTMENTNAME nvarchar(100) = null output,
            @FOLLOWUPCOMPLETED bit = NULL output,
            @FOLLOWUPSTATUS nvarchar(50) = NULL output,
            @REFERRALDATE DATETIME = null output,
            @COMMENTS nvarchar(500) = null output            

        )
        as
	        set nocount on;
	
	        -- be sure to set this, in case the select returns no rows
	        set @DATALOADED = 1;
	
	        -- populate the output parameters, which correspond to fields on the form.  Note that
	        -- we set @DATALOADED = 1 to indicate that the load was successful.  Otherwise, the system
	        -- will display a "no data loaded" message.
	        SELECT 
            @UMHSID = REF.UMHSID,
            --@UMHSDATACONNECTIONID = REF.UMHSDATACONNECTIONID,
            @PATIENT = CONCAT(U.FIRSTNAME, ' ', U.KEYNAME),
            @REFERRER = RC.NAME ,
            @REFERRERROLE =  USR_UMHS_REFERRERROLECODE.DESCRIPTION,
            @REFERRALDATE = REF.REFERRALDATE, 
            @MEDSTAFF = MEDSTAFF.NAME,    
            --@UMHSDEVSTAFFASSIGNMENTDATE = REF.[UMHSDEVSTAFFASSIGNMENTDATE],
            @DEPARTMENTNAME = D.NAME,
            @SUBDEPARTMENTNAME = SD.NAME,
            @FOLLOWUPCOMPLETED = REF.FOLLOWUPCOMPLETED,
            @FOLLOWUPSTATUS = REF.FOLLOWUPSTATUS,
            @COMMENTS = REF.COMMENTS
            
            FROM dbo.USR_UMHS_REFERRAL REF
            INNER JOIN USR_UMHS_DATA U  ON U.ID = REF.UMHSID
            --INNER JOIN USR_UMHS_CONNECTION C  ON C.UMHSID = REF.UMHSID
            LEFT JOIN CONSTITUENT RC  ON RC.ID = REF.REFERRERID
            LEFT JOIN CONSTITUENT MEDSTAFF ON MEDSTAFF.ID = REF.[UMHSDEVSTAFFID]
            LEFT JOIN DBO.USR_UMHS_REFERRERROLECODE ON REF.[REFERRERROLECODEID] = USR_UMHS_REFERRERROLECODE.ID
            LEFT JOIN dbo.USR_UMHS_DEPARTMENT D ON D.ID = REF.DEPARTMENTID            
            LEFT JOIN dbo.USR_UMHS_SUBDEPARTMENT SD ON SD.ID = REF.SUBDEPARTMENTID    
              
	        WHERE REF.ID = @ID --C.UMHSID = @UMHSID	
	        return 0;
                  
			]]>
		</c:CreateProcedureSQL>
	</SPDataForm>

	<!-- describe fields on the form, which correspond to parameters on the SP.  Note that system paramters 
	like the context @ID, @DATALOADED, and @CURRENTAPPUSERID need not be listed. -->
  <c:FormMetaData FixedDialog="true">
    <c:FormFields>
      <c:FormField FieldID="UMHSID" DataType="Guid" ReadOnly="true" Hidden="true" Caption="UMHSID" />
      <c:FormField FieldID="PATIENT" DataType="String"  MaxLength="100" Caption="Patient" />
      <c:FormField FieldID="REFERRER"  MaxLength="100" Caption="Referrer" />
      <c:FormField FieldID="REFERRERROLE"  MaxLength="100"  Caption="Referrer role" />   
      <c:FormField FieldID="REFERRALDATE"  DataType="Date"  Caption="Referral date" />
      <c:FormField FieldID="MEDSTAFF" MaxLength="100"  Caption="MIMED Development staff" />
      <c:FormField FieldID="DEPARTMENTNAME" MaxLength="100" Caption="Referrer department" />
      <c:FormField FieldID="SUBDEPARTMENTNAME"  MaxLength="100" Caption="Referrer subdepartment" />
      <c:FormField FieldID="FOLLOWUPCOMPLETED" MaxLength="10" Caption="Follow-up completed" />
      <c:FormField FieldID="FOLLOWUPSTATUS" MaxLength="50" Caption="Follow-up status" />
      <c:FormField FieldID="COMMENTS" MaxLength="500" Caption="Comments" />
    </c:FormFields>
  </c:FormMetaData>
</ViewDataFormTemplateSpec>