﻿<RecordOperationSpec 
	xmlns="bb_appfx_recordoperation"
	xmlns:c="bb_appfx_commontypes" 
	ID="71cfa8cc-3c1a-4e84-8692-45b8a3f09f95" 
	Name="Delete: MIMED Documentation note" 
	Description="Delete MIMED note"
	Author="UM Dev"
	OperationType="Delete"
	RecordType="MIMED Data"
	c:SecurityUIFolder="MIMED Data"
  NameUIOverride="Delete Documentation Name"
	>

	<SPRecord>
		<SPOperationImplementation SPName="USR_UM_USP_RECORDOPERATION_UMHSDOCUMENTATION">
			<c:CreateProcedureSQL>
				<![CDATA[
            create procedure dbo.USR_UM_USP_RECORDOPERATION_UMHSDOCUMENTATION
            (
	            @ID uniqueidentifier,
	            @CHANGEAGENTID uniqueidentifier
            )
              as begin
	            --check deletion rules, if any

	            -- use the system generated delete routine to allow proper recording of the deleting agent
	            exec USP_USR_UMHS_NOTE_DELETEBYID_WITHCHANGEAGENTID @ID, @CHANGEAGENTID
	            return 0;	
            end
				]]>
			</c:CreateProcedureSQL>
		</SPOperationImplementation>
	</SPRecord>

	<!-- optionally, offer a prompt before executing the record operation -->
	<Prompt>
		<StandardPrompt Text="Are you sure you want to delete this note?"  />
	</Prompt>

</RecordOperationSpec>