<RecordOperationSpec 
    xmlns:c="bb_appfx_commontypes"
    ID="ad5817f8-3c7e-4459-b875-1cf945683aa6"
    Name="MIMED Interest Delete"
    Description="Used to delete the given MIMED Interest"
    Author="UM Dev"
    RecordType="MIMED Data"
    OperationType="Delete"
    c:SecurityUIFolder="MIMED Data"
    xmlns="bb_appfx_recordoperation"
    >
    <SPRecord>
        <SPOperationImplementation SPName="USR_USP_UMHS_INTEREST_DELETE">
            <c:CreateProcedureSQL>
<![CDATA[
create procedure dbo.USR_USP_UMHS_INTEREST_DELETE
(
	@ID uniqueidentifier,
	@CHANGEAGENTID uniqueidentifier
)
as begin
	--check deletion rules, if any

	-- use the system generated delete routine to allow proper recording of the deleting agent
	exec USP_USR_UMHS_INTEREST_DELETEBYID_WITHCHANGEAGENTID @ID, @CHANGEAGENTID
	return 0;
	
end
]]>
</c:CreateProcedureSQL>
        </SPOperationImplementation>
    </SPRecord>
    <Prompt>
        <StandardPrompt Text="Are you sure you want to delete this MIMED Interest?" />
    </Prompt>
</RecordOperationSpec>