<EditDataFormTemplateSpec
    xmlns:c="bb_appfx_commontypes"
    ID="759551d9-2162-4a67-ae9a-1f33f234229c"
    Name="MIMED Interest Edit Form"
    Description="Used for editing the given MIMED Interest"
    Author="UM Dev"
    RecordType="MIMED Interest"
    DataFormInstanceID="05f0c647-e80a-48d8-874d-9d03c25d0231"
    c:SecurityUIFolder="MIMED Data"
    OwnerIDMapperID="00000000-0000-0000-0000-000000000000"
    xmlns="bb_appfx_editdataformtemplate"
    >
  <SPDataForm>
    <LoadImplementation SPName="USR_USP_DATAFORMTEMPLATE_EDITLOAD_UMHS_INTEREST">
      <c:CreateProcedureSQL>
        <![CDATA[
            CREATE PROCEDURE DBO.USR_USP_DATAFORMTEMPLATE_EDITLOAD_UMHS_INTEREST (@ID                 UNIQUEIDENTIFIER,
                                                                                  @DATALOADED         BIT = 0 OUTPUT,
                                                                                  @TSLONG             BIGINT = 0 OUTPUT,
                                                                                  @INTERESTTYPECODEID UNIQUEIDENTIFIER = NULL OUTPUT,
                                                                                  @INTERESTLEVELCODE  TINYINT = NULL OUTPUT,
                                                                                  @DEPARTMENTS        XML = NULL OUTPUT,
                                                                                  @COMMENT            NVARCHAR(MAX) = NULL OUTPUT,
                                                                                  @DISCOVEREDBYID     UNIQUEIDENTIFIER = NULL OUTPUT,
                                                                                  @STARTDATE          DATETIME = NULL OUTPUT,
                                                                                  @ENDDATE            DATETIME = NULL OUTPUT)
            AS
                SET NOCOUNT ON;
                -- be sure to set these, in case the select returns no rows
                SET @DATALOADED = 0
                SET @TSLONG = 0

                -- populate the output parameters, which correspond to fields on the form.  Note that
                -- we set @DATALOADED = 1 to indicate that the load was successful.  Otherwise, the system
                -- will display a "no data loaded" message.  Also note that we fetch the TSLONG so that concurrency
                -- can be considered.
                SELECT @DATALOADED = 1,
                       @TSLONG = TSLONG,
                       @INTERESTTYPECODEID = INTERESTTYPECODEID,
                       @INTERESTLEVELCODE = INTERESTLEVELCODE,
                       @DEPARTMENTS = DBO.USR_UFN_UMHS_INTEREST_GETDEPTS_TOITEMLISTXML(I.ID),
                       @COMMENT = COMMENT,
                       @DISCOVEREDBYID = DISCOVEREDBYID,
                       @STARTDATE = STARTDATE,
                       @ENDDATE = ENDDATE
                FROM   DBO.USR_UMHS_INTEREST I
                WHERE  ID = @ID

                RETURN 0; 

            ]]>
      </c:CreateProcedureSQL>
    </LoadImplementation>
    <SaveImplementation SPName="USR_USP_DATAFORMTEMPLATE_EDIT_UMHS_INTEREST">
      <c:CreateProcedureSQL>
        <![CDATA[
            CREATE PROCEDURE DBO.USR_USP_DATAFORMTEMPLATE_EDIT_UMHS_INTEREST (@ID                 UNIQUEIDENTIFIER,
                                                                              @CHANGEAGENTID      UNIQUEIDENTIFIER = NULL,
                                                                              @INTERESTTYPECODEID UNIQUEIDENTIFIER,
                                                                              @INTERESTLEVELCODE  TINYINT,
                                                                              @DEPARTMENTS        XML,
                                                                              @COMMENT            NVARCHAR(MAX),
                                                                              @DISCOVEREDBYID     UNIQUEIDENTIFIER,
                                                                              @STARTDATE          DATETIME,
                                                                              @ENDDATE            DATETIME)
            AS
                SET NOCOUNT ON;

                IF @CHANGEAGENTID IS NULL
                  EXEC DBO.USP_CHANGEAGENT_GETORCREATECHANGEAGENT
                    @CHANGEAGENTID OUTPUT

              BEGIN TRY
                  -- handle updating the data
                  UPDATE DBO.USR_UMHS_INTEREST
                  SET    INTERESTTYPECODEID = @INTERESTTYPECODEID,
                         INTERESTLEVELCODE = @INTERESTLEVELCODE,
                         COMMENT = @COMMENT,
                         DISCOVEREDBYID = @DISCOVEREDBYID,
                         STARTDATE = @STARTDATE,
                         ENDDATE = @ENDDATE,
                         CHANGEDBYID = @CHANGEAGENTID,
                         DATECHANGED = GETDATE()
                  WHERE  ID = @ID

                  EXEC DBO.USR_USP_UMHS_INTEREST_GETDEPTS_UPDATEFROMXML @ID, @DEPARTMENTS, @CHANGEAGENTID;
              END TRY

              BEGIN CATCH
                  EXEC DBO.USP_RAISE_ERROR

                  RETURN 1
              END CATCH

                RETURN 0; 

            ]]>
      </c:CreateProcedureSQL>
      <c:ExpectedDBExceptions>
        <c:Constraints>
          <c:Constraint Name="FK_USR_UMHS_INTEREST_INTERESTTYPECODEID" Field="INTERESTTYPECODEID" Type="ForeignKey" />
          <c:Constraint Name="FK_USR_UMHS_INTEREST_DISCOVEREDBYID" Field="DISCOVEREDBYID" Type="ForeignKey" />
        </c:Constraints>
      </c:ExpectedDBExceptions>
    </SaveImplementation>
  </SPDataForm>
  <FormMetaData FixedDialog="true" xmlns="bb_appfx_commontypes">
    <FormFields>
      <FormField FieldID="INTERESTTYPECODEID" DataType="Guid" Required="true" Caption="Interest type">
        <CodeTable CodeTableName="USR_UMHS_INTERESTTYPECODE" />
      </FormField>
      <FormField FieldID="INTERESTLEVELCODE" DataType="TinyInt" Caption="Interest level" DefaultValueText="2">
        <ValueList>
          <Items>
            <Item>
              <Value>4</Value>
              <Label>Extremely positive</Label>
            </Item>
            <Item>
              <Value>3</Value>
              <Label>Somewhat positive</Label>
            </Item>
            <Item>
              <Value>2</Value>
              <Label>Neutral</Label>
            </Item>
            <Item>
              <Value>1</Value>
              <Label>Somewhat negative</Label>
            </Item>
            <Item>
              <Value>0</Value>
              <Label>Extremely negative</Label>
            </Item>
          </Items>
        </ValueList>
      </FormField>
     
      
      <FormField FieldID="DEPARTMENTS" DataType="XML" Caption="MIMED departments">
        <Collection>
          <Fields>
            <FormField FieldID="ID" DataType="Guid" Hidden="true" />
            <FormField FieldID="DEPARTMENTID" DataType="Guid" Required="true" Caption="MIMED department">
              <SimpleDataList SimpleDataListID="0cbdb7f1-f629-4e7b-a7e1-c3e4ebd7d325">
              </SimpleDataList>
            </FormField>
            <FormField FieldID="SUBDEPARTMENTID" DataType="Guid"  Caption="MIMED subdepartment">
              <SimpleDataList SimpleDataListID="879b4e21-6a71-4c60-9b41-771fa39ef9cf">
                <Params>
                  <Param ID="DEPARTMENTID">
                    <Value>Fields!DEPARTMENTID</Value>
                  </Param>
                </Params>
              </SimpleDataList>
            </FormField>
          </Fields>
        </Collection>
        <InstalledProductList>
          <InstalledProduct ID="133f9bca-00f1-4007-9792-586b931340c6" />
        </InstalledProductList>
      </FormField>

      <FormField FieldID="COMMENT" Caption="Comment" />
      <FormField FieldID="DISCOVEREDBYID" DataType="Guid" Caption="Discovered by" Required="true">
        <SearchList SearchListID="23c5c603-d7d8-4106-aecc-65392b563887" EnableQuickFind="true" />
      </FormField>
      <FormField FieldID="STARTDATE" DataType="Date" Caption="Start date" Required="true"/>
      <FormField FieldID="ENDDATE" DataType="Date" Caption="End date" />
    </FormFields>
    <FormUIComponent />
    <WebUIComponent>
      <UIModel AssemblyName="UM.CustomFx.GratefulPatient.UIModel.dll" ClassName="UM.CustomFx.GratefulPatient.UIModel.UMHSInterestFormUIModel" />
      <WebUI>
        <ExternalResource Url="browser/htmlforms/custom/um.customfx.gratefulpatient/UMHSInterestForm.html" />
      </WebUI>
    </WebUIComponent>
  </FormMetaData>
</EditDataFormTemplateSpec>