﻿<ViewDataFormTemplateSpec 
	xmlns="bb_appfx_viewdataformtemplate" 
	xmlns:c="bb_appfx_commontypes" 
	ID="e08c953e-47e0-4f63-8cb7-b3b0dac4153d" 
	Name="MIMED Interest View Data Form"
	Description="A data form for viewing MIMED interest records"
	Author="UM Dev"
	DataFormInstanceID="82a8aa13-3948-4153-b4c7-16f847350243" 
	RecordType="MIMED Data"
	c:SecurityUIFolder="MIMED Data"
	>

	<!-- define the SP that returns the data used by the form -->
	<SPDataForm SPName="USR_UM_USP_DATAFORMTEMPLATE_VIEW_UMHSINTEREST">
		<c:CreateProcedureSQL>
			<![CDATA[
create procedure dbo.USR_UM_USP_DATAFORMTEMPLATE_VIEW_UMHSINTEREST
(
	@ID uniqueidentifier,
	@DATALOADED bit = 0 output,
	@INTERESTTYPECODE nvarchar(100) = null output,
	@INTERESTLEVEL nvarchar(100) = null output,
	@DEPARTMENTS nvarchar(1024) = null output,
	@SUBDEPARTMENTS nvarchar(1024) = null output,
    @COMMENT nvarchar(max) = null output,
    @DISCOVEREDBY nvarchar(100) = null output,
    @STARTDATE DATETIME = null output,
    @ENDDATE DATETIME = null output
)
as
	set nocount on;
	
	-- be sure to set this, in case the select returns no rows
	set @DATALOADED = 0;
	
	-- populate the output parameters, which correspond to fields on the form.  Note that
	-- we set @DATALOADED = 1 to indicate that the load was successful.  Otherwise, the system
	-- will display a "no data loaded" message.
	select @DATALOADED = 1,
		   @INTERESTTYPECODE = USR_UMHS_INTERESTTYPECODE.DESCRIPTION,
		   @INTERESTLEVEL = (SELECT 
					                case 
						                when INTERESTLEVELCODE = 4 then 'Extremely positive' 
						                when INTERESTLEVELCODE =3 then 'Somewhat positive' 
						                when INTERESTLEVELCODE =2 then 'Neutral' 
						                when INTERESTLEVELCODE =1 then 'Somewhat negative' 
						                when INTERESTLEVELCODE =0 then 'Somewhat negative'
					                end  
					                INTERESTLEVELCODE 
                from USR_UMHS_INTEREST I WHERE I.ID = @ID),
		   @DEPARTMENTS = dbo.USR_UFN_UMHS_INTEREST_GETDEPTLIST(I.ID), 
       @SUBDEPARTMENTS =  dbo.USR_UFN_UMHS_INTEREST_GETSUBDEPTLIST(I.ID),
       @COMMENT = I.COMMENT,
       @DISCOVEREDBY = C.NAME,
       @STARTDATE = I.[STARTDATE],
       @ENDDATE = I.[ENDDATE]
       
                        
	from dbo.USR_UMHS_INTEREST I
  left join USR_UMHS_INTERESTTYPECODE on USR_UMHS_INTERESTTYPECODE.ID = I.INTERESTTYPECODEID
  LEFT JOIN CONSTITUENT C ON C.ID = I.DISCOVEREDBYID 
	where I.ID = @ID
	
	return 0;
			]]>
		</c:CreateProcedureSQL>
	</SPDataForm>

	<!-- describe fields on the form, which correspond to parameters on the SP.  Note that system paramters 
	like the context @ID, @DATALOADED, and @CURRENTAPPUSERID need not be listed. -->
	<FormMetaData xmlns="bb_appfx_commontypes">
		<FormFields>
      <c:FormField FieldID="INTERESTTYPECODE" Caption="Interest type" DataType="String" MaxLength="100" />
      <c:FormField FieldID="INTERESTLEVEL" Caption="Interest level" DataType="String" MaxLength="100" />
      <c:FormField FieldID="DEPARTMENTS" MaxLength="1024" Caption="MIMED departments" CaptionResourceKey="$$departments">
        <InstalledProductList xmlns="bb_appfx_commontypes">
          <InstalledProduct ID="133f9bca-00f1-4007-9792-586b931340c6" />
        </InstalledProductList>
      </c:FormField>
      <c:FormField FieldID="SUBDEPARTMENTS" MaxLength="1024" Caption="MIMED Subdepartments" CaptionResourceKey="$$subdepartments">
        <InstalledProductList xmlns="bb_appfx_commontypes">
          <InstalledProduct ID="133f9bca-00f1-4007-9792-586b931340c6" />
        </InstalledProductList>
      </c:FormField>
      <c:FormField FieldID="COMMENT" Caption="Comment" DataType="String" />
      <c:FormField FieldID="DISCOVEREDBY" Caption="Discovered by" DataType="String" />
      <c:FormField FieldID="STARTDATE" Caption="Start date" DataType="Date" />
      <c:FormField FieldID="ENDDATE" Caption="End date" DataType="Date" />
    </FormFields>
	</FormMetaData>

</ViewDataFormTemplateSpec>