﻿<TableSpec 
	xmlns="bb_appfx_table"
	xmlns:c="bb_appfx_commontypes" 
	ID="e0786802-4e28-4f7d-948f-5a65966ef4b3"
	Name="MIMED Interest Department Subdepartment"
	Description="Stores information about MIMED interest departments subdepartments records"
	Author="UM Dev"
	Tablename="USR_UMHS_INTERESTDEPTSUBDEPT"		   
	IsBuiltIn="false"
	>

	<!-- define fields on the table -->
  <Fields>
    <ForeignKeyField Name="INTERESTID" Required="true" ForeignTable="USR_UMHS_INTEREST" OnDelete="CascadeDelete" />
    <ForeignKeyField Name="DEPARTMENTID" Required="true" ForeignTable="USR_UMHS_DEPARTMENT" />
    <ForeignKeyField Name="SUBDEPARTMENTID"  ForeignTable="USR_UMHS_SUBDEPARTMENT" />
  </Fields>
  <Indexes>
    <Index>
      <IndexFields>
        <IndexField Name="DEPARTMENTID" />
        <IndexField Name="SUBDEPARTMENTID"/>
      </IndexFields>
    </Index>
    <Index IsUnique="true">
      <IndexFields>
        <IndexField Name="INTERESTID" />
        <IndexField Name="DEPARTMENTID" />
        <IndexField Name="SUBDEPARTMENTID"/>
      </IndexFields>
    </Index>
  </Indexes>
</TableSpec>
