﻿<ViewDataFormTemplateSpec 
	xmlns="bb_appfx_viewdataformtemplate" 
	xmlns:c="bb_appfx_commontypes" 
	ID="38811ca7-c400-4764-855a-d8a8c3ae6ad4" 
	Name="MIMED Data Expression View Data Form"
	Description="A data form for viewing MIMED Data expression records"
	Author="UM Dev"
	DataFormInstanceID="dc6ae57a-bc95-44de-9ac3-2da1d1e42cbd" 
	RecordType="Constituent"
	c:SecurityUIFolder="MIMED Data"
	>

	<!-- define the SP that returns the data used by the form -->
	<SPDataForm SPName="USR_USP_DATAFORMTEMPLATE_VIEW_UMHSDATAEXPRESSION">
		<c:CreateProcedureSQL>
			<![CDATA[
      create procedure dbo.USR_USP_DATAFORMTEMPLATE_VIEW_UMHSDATAEXPRESSION
      (
	      @ID uniqueidentifier,
	      @DATALOADED bit = 0 output,
	      @HASUMHSDATA BIT = null output,
        @UMHSID uniqueidentifier = null output
      )
      as
	      set nocount on;
	
	      -- be sure to set this, in case the select returns no rows
	      set @DATALOADED = 1;
        
        SELECT @UMHSID = ID FROM USR_UMHS_DATA WHERE CONSTITUENTID = @ID
        
        IF @UMHSID is not null
          SET @HASUMHSDATA = 1
        ELSE
          SET @HASUMHSDATA = 0
	      return 0;
			]]>
		</c:CreateProcedureSQL>
	</SPDataForm>

	<!-- describe fields on the form, which correspond to parameters on the SP.  Note that system paramters 
	like the context @ID, @DATALOADED, and @CURRENTAPPUSERID need not be listed. -->
	<FormMetaData xmlns="bb_appfx_commontypes">
		<FormFields>
			<FormField FieldID="HASUMHSDATA" Caption="Has MIMED data" DataType="Boolean" />
      <FormField FieldID="UMHSID" Caption="MIMED ID" DataType="Guid" />
    </FormFields>
	</FormMetaData>
</ViewDataFormTemplateSpec>