<RecordOperationSpec 
    xmlns:c="bb_appfx_commontypes"
    ID="a10cbbd3-7a07-4fb4-9c9d-f868af398733"
    Name="MIMED Address Delete"
    Description="Used to delete the given MIMED Address"
    Author="UM Dev"
    RecordType="MIMED Address"
    OperationType="Delete"
    c:SecurityUIFolder="MIMED Data"
    xmlns="bb_appfx_recordoperation"
    >
    <SPRecord>
        <SPOperationImplementation SPName="USR_USP_UMHS_ADDRESS_DELETE">
            <c:CreateProcedureSQL>
<![CDATA[
create procedure dbo.USR_USP_UMHS_ADDRESS_DELETE
(
	@ID uniqueidentifier,
	@CHANGEAGENTID uniqueidentifier
)
as begin
						set nocount on;
						
						if (select
							count(NONPRIMARY.ID)
						from
							dbo.USR_UMHS_ADDRESS [TODELETE]
						left join
							dbo.USR_UMHS_ADDRESS [NONPRIMARY]
						on
							TODELETE.UMHSID = NONPRIMARY.UMHSID
						where
							TODELETE.ID = @ID and
							TODELETE.ISPRIMARY = 1 and
							NONPRIMARY.ISPRIMARY = 0 ) > 0
						begin
							raiserror ('ERR_PRIMARY_ADDRESS_DELETE',13,1);
							return 0;
						end
            
	--check deletion rules, if any

	-- use the system generated delete routine to allow proper recording of the deleting agent
	exec USP_USR_UMHS_ADDRESS_DELETEBYID_WITHCHANGEAGENTID @ID, @CHANGEAGENTID
	return 0;
	
end
]]>
</c:CreateProcedureSQL>
        </SPOperationImplementation>
      <ExpectedOperationDBExceptions>
        <c:CustomExceptions>
          <c:Exception SearchText="ERR_PRIMARY_ADDRESS_DELETE" CustomErrorMsgResourceKey="$$a_primary_address_cannot_be_deleted_unless_it_is_a_constituent's_only_address">
            <c:CustomErrorMsg>A primary address cannot be deleted unless it is a constituent's only address.</c:CustomErrorMsg>
          </c:Exception>
        </c:CustomExceptions>

      </ExpectedOperationDBExceptions>
    </SPRecord>
    <Prompt>
        <StandardPrompt Text="Are you sure you want to delete this MIMED address?" />
    </Prompt>
</RecordOperationSpec>