<ViewDataFormTemplateSpec 
    xmlns="bb_appfx_viewdataformtemplate"
    xmlns:c="bb_appfx_commontypes"
    ID="a55fc2f8-f9cc-479a-82c5-e41102319793"
    Name="MIMED Phone View Data Form"
    Description="A data form for viewing MIMED phone records"
    Author="UM Dev"
    DataFormInstanceID="dc0be8a6-d96c-4374-aee5-897404ad975b"
    RecordType="MIMED Data"
    c:SecurityUIFolder="MIMED Data"
    >
  <ResourceFile AssemblyName="Blackbaud.AppFx.Constituent.Catalog.dll" ClassName="Blackbaud.AppFx.Constituent.Catalog.Phone.View" />
	<!-- define the SP that returns the data used by the form -->
	<SPDataForm SPName="USR_UM_USP_DATAFORMTEMPLATE_VIEW_UMHSPHONE">
		<c:CreateProcedureSQL>
			<![CDATA[
create procedure dbo.USR_UM_USP_DATAFORMTEMPLATE_VIEW_UMHSPHONE
(
	@ID uniqueidentifier,
	@DATALOADED bit = 0 output,
	@PHONETYPECODE nvarchar(100) = null output,
	@PHONENUMBER nvarchar(100) = null output,
	@PRIMARY bit = null output,
	@DONOTCALL bit = null output,
	@DONOTCALLREASONCODE nvarchar(100) = null output,
	--@STARTTIME dbo.UDT_HOURMINUTE = null output,
	--@ENDTIME dbo.UDT_HOURMINUTE = null output,
  @CALLBEFORE  TIME(0)= null output,
  @CALLAFTER   TIME(0)= null output,                                  
	@INFOSOURCECODE nvarchar(100) = null output,
	@INFOSOURCECOMMENTS nvarchar(256) = null output,
	@STARTDATE date = null output,
	@ENDDATE date = null output,
	@DATEADDED date = null output,
	@ISCONFIDENTIAL bit = null output,
	@COUNTRY nvarchar(100) = null output
	--@ISCONTACT bit = null output,
	--@ORGNAME nvarchar(154) = null output,
	--@JOBPOSITION nvarchar(100) = null output,
	--@JOBDEPARTMENT nvarchar(100) = null output,
	--@JOBDIVISION nvarchar(100) = null output,
	--@ORIGINCODE tinyint = null output,
  --@SEASONALSTARTDATE dbo.UDT_MONTHDAY = null output,
	--@SEASONALENDDATE dbo.UDT_MONTHDAY = null output
)
as
	set nocount on;
	
	set @DATALOADED = 0;
	--set @ISCONTACT = 0;
	
	--declare @RELATIONSHIPID uniqueidentifier;
	
	select 
		@DATALOADED = 1,
		@PHONETYPECODE = (select DESCRIPTION from dbo.PHONETYPECODE where ID = PHONETYPECODEID),
		@PHONENUMBER = dbo.UFN_PHONE_GETINTERNATIONALNUMBER(COUNTRYID, NUMBER),
		@PRIMARY = ISPRIMARY,
		@DONOTCALL = DONOTCALL,
		@DONOTCALLREASONCODE = '(' + (select DESCRIPTION from dbo.DONOTCALLREASONCODE where ID = DONOTCALLREASONCODEID) + ')',
    @CALLBEFORE = CALLBEFORE,
    @CALLAFTER = CALLAFTER,
		--@STARTTIME = STARTTIME,
		--@ENDTIME = ENDTIME,
		@INFOSOURCECODE = (select DESCRIPTION from dbo.INFOSOURCECODE where ID = INFOSOURCECODEID),
		@INFOSOURCECOMMENTS = INFOSOURCECOMMENTS,
		@STARTDATE = STARTDATE,
		@ENDDATE = ENDDATE,
		@DATEADDED = DATEADDED,
		@ISCONFIDENTIAL = ISCONFIDENTIAL,
		@COUNTRY = dbo.UFN_COUNTRY_GETDESCRIPTION(COUNTRYID)
		--@RELATIONSHIPID = RELATIONSHIPID,
		--@ORIGINCODE = ORIGINCODE,
    --@SEASONALSTARTDATE = SEASONALSTARTDATE,
    --@SEASONALENDDATE = SEASONALENDDATE
	from dbo.USR_UMHS_PHONE
	where ID = @ID;
	
/*	if @RELATIONSHIPID is not null
	begin
		select 
			@ISCONTACT = r.ISCONTACT,
			@ORGNAME = org.NAME,
			@JOBPOSITION = job.JOBTITLE,
			@JOBDEPARTMENT = job.JOBDEPARTMENT,
			@JOBDIVISION = job.JOBDIVISION
		from CONSTITUENT org
		inner join RELATIONSHIP r 
			on r.RELATIONSHIPCONSTITUENTID = org.ID
		left outer join dbo.RELATIONSHIPJOBINFO job
			on r.RELATIONSHIPSETID = job.RELATIONSHIPSETID
		where
			r.ID=@RELATIONSHIPID and
			r.ISCONTACT=1 and
			org.ISORGANIZATION=1;
	end
	*/
	return 0;
			]]>
		</c:CreateProcedureSQL>
	</SPDataForm>

	<!-- describe fields on the form, which correspond to parameters on the SP.  Note that system paramters 
	like the context @ID, @DATALOADED, and @CURRENTAPPUSERID need not be listed. -->
  <c:FormMetaData FixedDialog="true">
    <c:FormFields>
      <c:FormField FieldID="PHONETYPECODE" MaxLength="100" Caption="Type" CaptionResourceKey="$$type" />
      <c:FormField FieldID="PHONENUMBER" MaxLength="100" Caption="Number" CaptionResourceKey="$$number" />
      <c:FormField FieldID="PRIMARY" DataType="Boolean" Caption="Primary" CaptionResourceKey="$$primary" />
      <c:FormField FieldID="DONOTCALL" DataType="Boolean" Caption="Do not call" CaptionResourceKey="$$do_not_call" />
      <c:FormField FieldID="DONOTCALLREASONCODE" MaxLength="100" Caption="Reason" CaptionResourceKey="$$reason" />
      <c:FormField FieldID="CALLAFTER" DataType="Time" Caption="Call after" CaptionResourceKey="$$call_after" />
      <c:FormField FieldID="CALLBEFORE" DataType="Time" Caption="Call before" CaptionResourceKey="$$call_before" />     
      <c:FormField FieldID="INFOSOURCECODE" MaxLength="100" Caption="Information source" CaptionResourceKey="$$information_source" />
      <c:FormField FieldID="INFOSOURCECOMMENTS" MaxLength="256" Caption="Comments" CaptionResourceKey="$$comments" />
      <c:FormField FieldID="STARTDATE" DataType="Date" Caption="Start date" CaptionResourceKey="$$start_date" />
      <c:FormField FieldID="ENDDATE" DataType="Date" Caption="End date" CaptionResourceKey="$$end_date" />
      <c:FormField FieldID="DATEADDED" DataType="Date" Caption="Date added" CaptionResourceKey="$$date_added" />
      <c:FormField FieldID="ISCONFIDENTIAL" DataType="Boolean" Caption="Confidential" CaptionResourceKey="$$confidential" />
      <c:FormField FieldID="COUNTRY" MaxLength="100" Caption="Country" CaptionResourceKey="$$country" />     
    </c:FormFields>

        <c:WebUIComponent>
            <c:UIModel AssemblyName="UM.CustomFx.GratefulPatient.UIModel.dll" ClassName="UM.CustomFx.GratefulPatient.UIModel.UMHSPhoneViewDataFormUIModel" />
            <c:WebUI>
                <c:ExternalResource Url="browser/htmlforms/custom/um.customfx.gratefulpatient/UMHSPhoneViewDataForm.html" />
            </c:WebUI>
        </c:WebUIComponent>
    
    <c:UIFields>
      <c:FormField FieldID="CONFIDENTIALIMAGE" />
      <c:FormField FieldID="CONFIDENTIALDESCRIPTION" />
      <c:FormField FieldID="PRIMARYIMAGE" />
      <c:FormField FieldID="ENDDATEDESCRIPTION" />
      <c:FormField FieldID="DONOTCALLIMAGE" />
      <c:FormField FieldID="DONOTCALLDESCRIPTION" />
      <c:FormField FieldID="HYPHEN" />
      <c:FormField FieldID="CONTACTIMAGE" />
      <c:FormField FieldID="CONTACTDESCRIPTION" />
    </c:UIFields>
  </c:FormMetaData>
</ViewDataFormTemplateSpec>