<AddDataFormTemplateSpec 
    xmlns:c="bb_appfx_commontypes"
    ID="E204CF50-8ED7-46AD-8CE2-2B2EC5E9B180"
    Name="MIMED Interaction Batch Add Form"
    Description="Used for adding a new MIMED Interaction Batch"
    Author="UM Dev"
    RecordType="MIMED Interaction Batch"
    DataFormInstanceID="D517D46F-7656-4CEF-A060-0A1393179E0B"
    c:SecurityUIFolder="MIMED Data"
    xmlns="bb_appfx_adddataformtemplate"
    >
  <SPDataForm>    
    <SaveImplementation SPName="USR_USP_DATAFORMTEMPLATE_ADD_UMHS_INTERACTIONBATCH">
      <c:CreateProcedureSQL>
        <![CDATA[
CREATE PROCEDURE DBO.USR_USP_DATAFORMTEMPLATE_ADD_UMHS_INTERACTIONBATCH (
  @ID                       UNIQUEIDENTIFIER = NULL OUTPUT,
  @BATCHID                  UNIQUEIDENTIFIER ,
  @SEQUENCE                 INT = NULL,
  @CHANGEAGENTID            UNIQUEIDENTIFIER = NULL,
  @UMHSID                   UNIQUEIDENTIFIER = NULL,
  @INTERACTIONID            UNIQUEIDENTIFIER = NULL,
  @SUMMARY                  NVARCHAR(100) = '',
  @INTERACTIONCATEGORYID    UNIQUEIDENTIFIER = NULL,
  @INTERACTIONSUBCATEGORYID UNIQUEIDENTIFIER = NULL,
  @EXPECTEDDATE             DATETIME = NULL,
  @FUNDRAISERID             UNIQUEIDENTIFIER = NULL,
  @CONTACTMETHODCODEID      UNIQUEIDENTIFIER = NULL,
  @EVENTID                  UNIQUEIDENTIFIER = NULL,
  @ACTUALDATE               DATETIME = NULL,
  @SITES                    XML = null,
  @COMMENT                 NVARCHAR(MAX) = '',
  @PARTICIPANTS             XML = NULL,
  @STATUSCODEID             UNIQUEIDENTIFIER = null
)
AS
    SET NOCOUNT ON;

    IF @ID IS NULL
      SET @ID = NEWID()

    IF @CHANGEAGENTID IS NULL
      EXEC DBO.USP_CHANGEAGENT_GETORCREATECHANGEAGENT @CHANGEAGENTID OUTPUT

    DECLARE @CURRENTDATE DATETIME = GETDATE()

  BEGIN TRY
      -- handle inserting the data
      INSERT INTO DBO.USR_UMHS_INTERACTIONBATCH
                  (ID,
                   BATCHID,
                   INTERACTIONID,
                   SEQUENCE,
                   UMHSID,
                   SUMMARY,
                   INTERACTIONCATEGORYID,
                   INTERACTIONSUBCATEGORYID,
                   EXPECTEDDATE,
                   FUNDRAISERID,
                   CONTACTMETHODCODEID,
                   EVENTID,
                   ACTUALDATE,
                   COMMENTS,
                   STATUSCODEID,
                   ADDEDBYID,
                   CHANGEDBYID,
                   DATEADDED,
                   DATECHANGED)
      VALUES      (@ID,
                   @BATCHID,
                   @INTERACTIONID,
                   @SEQUENCE,
                   @UMHSID,
                   @SUMMARY,
                   @INTERACTIONCATEGORYID,
                   @INTERACTIONSUBCATEGORYID,
                   @EXPECTEDDATE,
                   @FUNDRAISERID,
                   @CONTACTMETHODCODEID,
                   @EVENTID,
                   @ACTUALDATE,
                   @COMMENT,
                   @STATUSCODEID,
                   @CHANGEAGENTID,
                   @CHANGEAGENTID,
                   @CURRENTDATE,
                   @CURRENTDATE)
                   
        --Adding back the SITE code
        exec dbo.USR_USP_UMHS_INTERACTIONBATCH_GETSITES_ADDFROMXML @ID, @SITES, @CHANGEAGENTID, @CURRENTDATE;                      
        exec dbo.USR_USP_UMHS_INTERACTIONBATCHPARTICIPANTS_ADDFROMXML @ID, @PARTICIPANTS, @CHANGEAGENTID, @CURRENTDATE;        
                   
  END TRY

  BEGIN CATCH
      EXEC DBO.USP_RAISE_ERROR

      RETURN 1
  END CATCH

    RETURN 0 
	
 ]]>

      </c:CreateProcedureSQL>
    </SaveImplementation>
</SPDataForm>
  
  <Context ContextRecordType="Batch" RecordIDParameter="BATCHID" />
  
  <FormMetaData FixedDialog="true" xmlns="bb_appfx_commontypes">
    <FormFields>
      <FormField FieldID="UMHSID" DataType="Guid" Caption="MIMED Constituent" Hidden="false" Required="true">
        <SearchList SearchListID="875b6cfb-b52f-45a0-bf30-9f1992ab28ae" EnableQuickFind="true">
          <FormFieldOverrides>
            <FormFieldOverride FieldID="INCLUDEINDIVIDUALS" DefaultValueText="true"/>
            <FormFieldOverride FieldID="INCLUDEORGANIZATIONS" DefaultValueText="false"/>
            <FormFieldOverride FieldID="INCLUDEGROUPS" DefaultValueText="false"/>
            <FormFieldOverride FieldID="PATIENTSONLY" DefaultValueText="true"/>
          </FormFieldOverrides>
        </SearchList>
      </FormField>
      <FormField FieldID="INTERACTIONID" DataType="Guid" Caption="MIMED Interaction ID" Hidden="true" />
      <FormField FieldID="SEQUENCE" Caption="Sequence" DataType="Integer"  Required="true" Hidden="true" />
      <FormField FieldID="SUMMARY" MaxLength="100" Caption="Summary" Required="true" />
      <FormField FieldID="STATUSCODEID" Caption="Status" DataType="Guid" Required="true">
        <CodeTable CodeTableName="USR_INTERACTION_STATUSCODE" />
      </FormField>
      <FormField FieldID="FUNDRAISERID" DataType="Guid" Caption="Owner">
        <SearchList SearchListID="fb4a0305-70bc-4409-b3c2-ba672bf49626" EnableQuickFind="true" />
      </FormField>
      <FormField FieldID="INTERACTIONCATEGORYID" DataType="Guid" Caption="Category" Required="true">
        <SimpleDataList SimpleDataListID="cbba7545-b66f-44ac-aa24-d9c2f8cbc4ec" />
      </FormField>
      <FormField FieldID="INTERACTIONSUBCATEGORYID" DataType="Guid" Caption="Sub category" Required="true">
        <SimpleDataList SimpleDataListID="0eacc39b-07d1-4641-8774-e319559535a7">
          <Params>
            <Param ID="INTERACTIONCATEGORYID">
              <Value>Fields!INTERACTIONCATEGORYID</Value>
            </Param>
          </Params>
        </SimpleDataList>
      </FormField>
      <FormField FieldID="CONTACTMETHODCODEID" DataType="Guid" Caption="Contact method" Required="true">
        <CodeTable CodeTableName="INTERACTIONTYPECODE" />
      </FormField>
      <FormField FieldID="EVENTID" DataType="Guid" Caption="Event">
        <SearchList SearchListID="21452a39-7c7d-4334-8b89-6c0ea619acec" EnableQuickFind="true" />
      </FormField>
      <FormField FieldID="EXPECTEDDATE" DataType="Date" Required="true" Caption="Expected date" />
      <FormField FieldID="ACTUALDATE" DataType="Date" Caption="Actual date" />
      <FormField FieldID="SITES" DataType="XML" Caption="Sites" CaptionResourceKey="$$sites" Required="true">
        <Collection>
          <Fields>
            <FormField FieldID="ID" DataType="Guid" Hidden="true" />
            <FormField FieldID="SITEID" DataType="Guid" Required="true" Caption="Site" CaptionResourceKey="$$site">
              <SimpleDataList SimpleDataListID="c8e8d3ba-2725-421f-a796-e2fcc1202780">
                <SearchList SearchListID="27a63ede-a0d4-4074-a85a-196df4adc0dd" />
              </SimpleDataList>
            </FormField>
          </Fields>
        </Collection>
        <InstalledProductList>
          <InstalledProduct ID="133f9bca-00f1-4007-9792-586b931340c6" />
        </InstalledProductList>
      </FormField>
      <FormField FieldID="COMMENT" Caption="Comments" />
      <FormField FieldID="PARTICIPANTS" DataType="XML" Caption="Participants">
        <Collection>
          <Fields>
            <FormField FieldID="ID" DataType="Guid" Hidden="true" Caption="ID" />
            <FormField FieldID="CONSTITUENTID" DataType="Guid" Caption="Participant">
              <SimpleDataList SimpleDataListID="eec723dc-3ed3-425b-9ef2-8ba1ccc190d1">
                <Params>
                  <Param ID="CONSTITUENTID">
                    <Value>PARENT.FIELDS!UMHSID</Value>
                  </Param>
                </Params>
                <SearchList SearchListID="875b6cfb-b52f-45a0-bf30-9f1992ab28ae" EnableQuickFind="true">
                  <FormFieldOverrides>
                    <FormFieldOverride FieldID="INCLUDEINDIVIDUALS" DefaultValueText="true"/>
                    <FormFieldOverride FieldID="INCLUDEORGANIZATIONS" DefaultValueText="false"/>
                    <FormFieldOverride FieldID="INCLUDEGROUPS" DefaultValueText="false"/>
                    <FormFieldOverride FieldID="PATIENTSONLY" DefaultValueText="false"/>
                  </FormFieldOverrides>
                </SearchList>
              </SimpleDataList>
            </FormField>
          </Fields>
        </Collection>
      </FormField>
    </FormFields>
    <FormUIComponent />
  </FormMetaData>
</AddDataFormTemplateSpec>