﻿<TableSpec 
	xmlns="bb_appfx_table"
	xmlns:c="bb_appfx_commontypes" 
	ID="B84467EA-C1A5-42E6-811F-BA459C5FDEF3"
	Name="USR_UMHS_INTERACTIONBATCHSITE"
	Description="Stores information about MIMED interaction batch site records"
	Author="UM Dev"
	Tablename="USR_UMHS_INTERACTIONBATCHSITE"		   
	IsBuiltIn="false"
	>
  <Fields>
    <ForeignKeyField Name="BATCHINTERACTIONID" Required="true" ForeignTable="USR_UMHS_INTERACTIONBATCH" OnDelete="CascadeDelete" />
    <ForeignKeyField Name="SITEID" Required="true" ForeignTable="SITE" />
  </Fields>
  <Indexes>
    <Index>
      <IndexFields>
        <IndexField Name="SITEID" />
      </IndexFields>
    </Index>
    <Index IsUnique="true">
      <IndexFields>
        <IndexField Name="BATCHINTERACTIONID" />
        <IndexField Name="SITEID" />
      </IndexFields>
    </Index>
  </Indexes>
</TableSpec>