﻿<RecordOperationSpec 
	xmlns="bb_appfx_recordoperation"
	xmlns:c="bb_appfx_commontypes" 
	ID="09eee87b-5776-4de1-bee2-a442f8bb3a2c" 
	Name="MIMED Affiliation Category Record Operation" 
	Description="Deletes a MIMED affiliation base"
	Author="UM Dev"
	OperationType="Delete"
	RecordType="MIMED Data"
	c:SecurityUIFolder="MIMED Data"
	>

	<SPRecord>
		<SPOperationImplementation SPName="USR_UM_USP_RECORDOPERATION_UMHSAFFILIATIONCATEGORY">
			<c:CreateProcedureSQL>
				<![CDATA[
create procedure dbo.USR_UM_USP_RECORDOPERATION_UMHSAFFILIATIONCATEGORY
(
    @ID uniqueidentifier,
    @CHANGEAGENTID uniqueidentifier
)
as begin
    --check deletion rules, if any
 
    -- use the system generated delete routine to allow proper recording of the deleting agent
    exec dbo.USP_USR_UMHS_AFFILIATIONBASE_DELETEBYID_WITHCHANGEAGENTID @ID, @CHANGEAGENTID
    return 0;
     
end
				]]>
			</c:CreateProcedureSQL>
		</SPOperationImplementation>
	</SPRecord>

	<!-- optionally, offer a prompt before executing the record operation -->
	<Prompt>
		<StandardPrompt Text="Are you sure you want to delete this MIMED affiliation base?" />
	</Prompt>

</RecordOperationSpec>