﻿<ViewDataFormTemplateSpec 
	xmlns="bb_appfx_viewdataformtemplate" 
	xmlns:c="bb_appfx_commontypes" 
	ID="59bb3305-1871-41d5-8b71-ca83f75c81fb" 
	Name="MIMED Affiliation View Data Form"
	Description="A data form for viewing MIMED affiliation records."
	Author="UM Dev"
	DataFormInstanceID="006174cc-a87b-4abe-9455-2199129354d0" 
	RecordType="MIMED Data"
	c:SecurityUIFolder="MIMED Data"
	>

	<!-- define the SP that returns the data used by the form -->
	<SPDataForm SPName="USR_UM_USP_DATAFORMTEMPLATE_VIEW_UMHSAFFILIATION">
		<c:CreateProcedureSQL>
			<![CDATA[
create procedure dbo.USR_UM_USP_DATAFORMTEMPLATE_VIEW_UMHSAFFILIATION
        (
	          @ID uniqueidentifier,
	          @DATALOADED bit = 0 output,
            @UMHSID uniqueidentifier = null output,
            @CATEGORY nvarchar(100) = null output,
            @UMHSAFFILIATIONBASENAME nvarchar(100) = null output,
            @AFFILIATIONSTARTDATE datetime = null output,
            @AFFILIATIONENDDATE datetime = null output,
            @SITENAME nvarchar(100) = null output,
            @DEPARTMENTNAME nvarchar(100) = null output,
            @SUBDEPARTMENTNAME nvarchar(100) = null output,           
            --@OPTOUT bit = null output,
            --@INFORMATIONSOURCECODE nvarchar(200) = null output,
            @COMMENTS nvarchar(500) = null output
        )
        as
	        set nocount on;
	
	        -- be sure to set this, in case the select returns no rows
	        set @DATALOADED = 1;
	
	        -- populate the output parameters, which correspond to fields on the form.  Note that
	        -- we set @DATALOADED = 1 to indicate that the load was successful.  Otherwise, the system
	        -- will display a "no data loaded" message.
	        SELECT 
            @UMHSID = UA.UMHSID,
            @CATEGORY = UAT.DESCRIPTION,
            @UMHSAFFILIATIONBASENAME = UAB.UMHSAFFILIATIONBASENAME,  
            @AFFILIATIONSTARTDATE = UA.STARTDATE, 
            @AFFILIATIONENDDATE = UA.ENDDATE,
            @SITENAME = S.NAME,
            @DEPARTMENTNAME = D.NAME,
            @SUBDEPARTMENTNAME = SD.NAME,            
           -- @OPTOUT = UA.OPTOUT,
            @COMMENTS = UA.COMMENTS--,
           -- @INFORMATIONSOURCECODE = source.DESCRIPTION
	
            FROM dbo.USR_UMHS_AFFILIATION UA
    
            JOIN dbo.USR_UMHS_AFFILIATIONBASE UAB
            ON UAB.ID = UA.AFFILIATIONBASENAMECODEID
    
            JOIN dbo.USR_UMHS_AFFILIATIONCATEGORYTYPECODE UAT
            ON UAT.ID = UAB.UMHSAFFILIATIONCATEGORYCODEID
    
            LEFT JOIN dbo.SITE S
            ON S.ID = UA.SITEID
    
            LEFT JOIN dbo.USR_UMHS_DEPARTMENT D
            ON D.ID = UA.DEPARTMENTID
            
            LEFT JOIN dbo.USR_UMHS_SUBDEPARTMENT SD
            ON SD.ID = UA.SUBDEPARTMENTID
    
           -- left join INFOSOURCECODE source
           -- on UA.INFOSOURCECODEID = source.ID
    
	        WHERE UA.ID = @ID
	
	        return 0;
			]]>
		</c:CreateProcedureSQL>
	</SPDataForm>

	<!-- describe fields on the form, which correspond to parameters on the SP.  Note that system paramters 
	like the context @ID, @DATALOADED, and @CURRENTAPPUSERID need not be listed. -->
  <c:FormMetaData FixedDialog="true">
    <c:FormFields>
      <c:FormField FieldID="UMHSID" DataType="Guid" ReadOnly="true" Hidden="true" Caption="UMHSID" />
      <c:FormField FieldID="CATEGORY" ReadOnly="true" MaxLength="100" Caption="Category" />
      <c:FormField FieldID="UMHSAFFILIATIONBASENAME" ReadOnly="true" MaxLength="100" Caption="Name" />
      <c:FormField FieldID="AFFILIATIONSTARTDATE" DataType="Date" ReadOnly="true" Caption="Start date" />
      <c:FormField FieldID="AFFILIATIONENDDATE" DataType="Date" ReadOnly="true" Caption="End date" />
      <c:FormField FieldID="SITENAME" ReadOnly="true" MaxLength="100" Caption="Site" />
      <c:FormField FieldID="DEPARTMENTNAME" ReadOnly="true" MaxLength="100" Caption="MIMED department" />
      <c:FormField FieldID="SUBDEPARTMENTNAME" ReadOnly="true" MaxLength="100" Caption="MIMED subdepartment" />
      <!--<c:FormField FieldID="OPTOUT" DataType="Boolean" ReadOnly="true" Caption="Opt-out" />-->
      <c:FormField FieldID="COMMENTS" ReadOnly="true" MaxLength="500" Caption="Comments" />
      <!--<c:FormField FieldID="INFORMATIONSOURCECODE" ReadOnly="true" MaxLength="200" Caption="Information Source" />-->
    </c:FormFields>
    <c:WebUIComponent>
      <c:WebUI>
        <c:DefaultWebUI />
      </c:WebUI>
    </c:WebUIComponent>
  </c:FormMetaData>

</ViewDataFormTemplateSpec>