﻿<EditDataFormTemplateSpec 
	xmlns="bb_appfx_editdataformtemplate"
	xmlns:c="bb_appfx_commontypes" 
	ID="38770c9f-9aaa-4ba1-96a5-3f1a70322659" 
	Name="MIMED Affiliation Category Edit Data Form"
	Description="A data form for editing MIMED affiliation category records." 
	Author="UM Dev"
	DataFormInstanceID="e1dbfdfd-f8c3-4760-b290-2738186ad0b2" 
	RecordType="MIMED Data"
	c:SecurityUIFolder="MIMED Data"
	FormHeader="Edit MIMED Affiliation Category"
	>

	<SPDataForm>

		<!-- define the edit load SP, which is used to load the data for the form -->
		<LoadImplementation SPName="USR_UM_USP_DATAFORMTEMPLATE_EDITLOAD_UMHSAFFILIATIONCATEGORY">
			<c:CreateProcedureSQL>
				<![CDATA[
create procedure dbo.USR_UM_USP_DATAFORMTEMPLATE_EDITLOAD_UMHSAFFILIATIONCATEGORY(
@ID uniqueidentifier,
@DATALOADED bit = 0 output,
@TSLONG bigint = 0 output,
@UMHSAFFILIATIONBASENAME nvarchar(100) = null output,
@UMHSAFFILIATIONBASEDESCRIPTION nvarchar(500) = null output,
@UMHSAFFILIATIONCATEGORYCODEID uniqueidentifier = null output
)
as
 
    set nocount on;
 
    -- be sure to set these, in case the select returns no rows
    set @DATALOADED = 0
    set @TSLONG = 0
 
    -- populate the output parameters, which correspond to fields on the form.  Note that
    -- we set @DATALOADED = 1 to indicate that the load was successful.  Otherwise, the system
    -- will display a "no data loaded" message.  Also note that we fetch the TSLONG so that concurrency
    -- can be considered.
    select
    @DATALOADED = 1,
    @TSLONG = TSLONG,
    @UMHSAFFILIATIONBASENAME = UMHSAFFILIATIONBASENAME,
    @UMHSAFFILIATIONBASEDESCRIPTION = UMHSAFFILIATIONBASEDESCRIPTION,
    @UMHSAFFILIATIONCATEGORYCODEID = UMHSAFFILIATIONCATEGORYCODEID        
    FROM dbo.USR_UMHS_AFFILIATIONBASE
    WHERE ID = @ID
 
    return 0;
             
				]]>
			</c:CreateProcedureSQL>
		</LoadImplementation>

		<SaveImplementation SPName="USR_UM_USP_DATAFORMTEMPLATE_EDIT_UMHSAFFILIATIONCATEGORY">
			<c:CreateProcedureSQL>
				<![CDATA[
create procedure dbo.USR_UM_USP_DATAFORMTEMPLATE_EDIT_UMHSAFFILIATIONCATEGORY (
    @ID uniqueidentifier,
    @CHANGEAGENTID uniqueidentifier,
    @UMHSAFFILIATIONBASENAME nvarchar(100),
    @UMHSAFFILIATIONBASEDESCRIPTION nvarchar(500),
    @UMHSAFFILIATIONCATEGORYCODEID uniqueidentifier
)
as
 
    set nocount on;
 
    if @CHANGEAGENTID is null  
        exec dbo.USP_CHANGEAGENT_GETORCREATECHANGEAGENT @CHANGEAGENTID output
                 
    declare @CURRENTDATE datetime
    set @CURRENTDATE = getdate()
 
    BEGIN TRY 
        -- handle updating the data
        UPDATE dbo.USR_UMHS_AFFILIATIONBASE 
        SET
        UMHSAFFILIATIONBASENAME = @UMHSAFFILIATIONBASENAME,
        UMHSAFFILIATIONBASEDESCRIPTION = @UMHSAFFILIATIONBASEDESCRIPTION,
        UMHSAFFILIATIONCATEGORYCODEID = @UMHSAFFILIATIONCATEGORYCODEID,
        CHANGEDBYID = @CHANGEAGENTID,
        DATECHANGED = @CURRENTDATE
        WHERE ID = @ID
    END TRY
     
    begin catch
        exec dbo.USP_RAISE_ERROR
        return 1
    end catch
 
return 0;
           
				]]>
			</c:CreateProcedureSQL>
		</SaveImplementation>

	</SPDataForm>

	<!-- describe fields on the form, which correspond to parameters on the SP.  Note that system paramters 
	like the record ID, DATALOADED, TSLONG, and CURRENTAPPUSERID need not be listed. -->
  <FormMetaData FixedDialog="true" xmlns="bb_appfx_commontypes">
    <FormFields>
      <FormField FieldID="UMHSAFFILIATIONCATEGORYCODEID" DataType="Guid" Required="true" Caption="MIMED Category">
        <CodeTable CodeTableName="USR_UMHS_AFFILIATIONCATEGORYTYPECODE" />
      </FormField>
      <FormField FieldID="UMHSAFFILIATIONBASENAME" Required="true" MaxLength="100" Caption="MIMED Affiliation name" />
      <FormField FieldID="UMHSAFFILIATIONBASEDESCRIPTION" MaxLength="500" Caption="MIMED Affiliation description" />
    </FormFields>
  </FormMetaData>

</EditDataFormTemplateSpec>