﻿<QueryViewSpec
	xmlns="bb_appfx_queryview"
	xmlns:c="bb_appfx_commontypes" 
	ID="0e7795e8-060a-41de-ae56-450a586bcd71"
	Name="MIMED Visits Query"
	Description="A view defined for querying on MIMED visit records"
	Author="UM Dev"
	IsRoot="true"
	PrimaryKeyField="ID"
	RecordType="MIMED Data"
	c:SecurityUIFolder="MIMED Data"
	>

	<!-- define the view used to return data for the query -->
	<ViewImplementation ViewName="USR_UM_V_QUERY_UMHSVISITS">
		<ViewSQL>
			<![CDATA[
        select
          v.ID,
          v.UMHSID,
          v.LASTPROCDATE,
		      v.VISITTYPE,
		      d8a.MRN,
		      d8a.CPISEQUENCE,
          v.CSN,         
          v.VISITSTARTDATE,
          v.VISITENDDATE,
          p.PROVIDERDRNUMBER,
          c.NAME as PROVIDERFULLNAME,
          d.ID as DEPARTMENTID,
          s.ID as SUBDEPARTMENTID,
          case
            when d.ID is NOT null
            then
              d.NAME
            else
              N''
          end as DEPARTMENT,
          case
            when s.ID is NOT null
            then
              s.NAME
            else
              N''
          end as SUBDEPARTMENT,
         v.PROVIDERROLE,
        -- v.CATEGORYMEMBERDESCRIPTION,
        [ADDEDBY].APPLICATIONNAME   AS [ADDEDBY_APPLICATION],
        [ADDEDBY].USERNAME          AS [ADDEDBY_USERNAME],
        [CHANGEDBY].APPLICATIONNAME AS [CHANGEDBY_APPLICATION],
        [CHANGEDBY].USERNAME        AS [CHANGEDBY_USERNAME],
        v.DATEADDED,
        v.DATECHANGED
	      from dbo.USR_UMHS_VISITS v
        inner join dbo.USR_UMHS_DATA d8a on d8a.ID=v.UMHSID
        inner join dbo.USR_UMHS_PROVIDERS p on p.ID=v.PROVIDERID
        inner join dbo.CONSTITUENT c on c.ID=p.CONSTITUENTID
        left outer join dbo.USR_UMHS_DEPARTMENT d on d.ID=p.DEPARTMENTID
        left outer join dbo.USR_UMHS_SUBDEPARTMENT s on s.ID = p.SUBDEPARTMENTID
        LEFT JOIN DBO.CHANGEAGENT AS [ADDEDBY] ON ADDEDBY.ID = v.ADDEDBYID
        LEFT JOIN DBO.CHANGEAGENT AS [CHANGEDBY] ON CHANGEDBY.ID = v.CHANGEDBYID 	
			]]>
		</ViewSQL>
	</ViewImplementation>

	<!-- describe each field in the view output -->
	<Output>
		<OutputFields>
      <OutputField Name="ID" Caption="ID" DataType="Guid" IsHidden="true" />
      <OutputField Caption="MIMED ID" Category="System Fields" Name="UMHSID" />
      <OutputField Name="LASTPROCDATE" Caption="Last processed date" DataType="Date" />
      <OutputField Name="VISITTYPE" Caption="Visit type" DataType="String" />
      <OutputField Name="MRN" Caption="MRN" DataType="String" />
      <OutputField Name="CPISEQUENCE" Caption="CPI sequence" DataType="String" />
      <OutputField Name="CSN" Caption="CSN" DataType="String" />
      <OutputField Name="VISITSTARTDATE" Caption="Visit start date" DataType="Date" />
      <OutputField Name="VISITENDDATE" Caption="Visit end date" DataType="Date" />
      <OutputField Name="PROVIDERDRNUMBER" Caption="Provider #" DataType="String" />
      <OutputField Name="PROVIDERFULLNAME" Caption="Provider full name" DataType="String" />
      <OutputField Caption="DEPARTMENTID" Name="DEPARTMENTID" IsHidden="true" DataType="Guid"></OutputField>
      <OutputField Caption="SUBDEPARTMENTID" Name="SUBDEPARTMENTID" IsHidden="true" DataType="Guid"></OutputField>
      <OutputField Caption="Provider department" Name="DEPARTMENT">
        <LookupInfo IDField="DEPARTMENTID">
          <SimpleDataList SimpleDataListID="0cbdb7f1-f629-4e7b-a7e1-c3e4ebd7d325">
          </SimpleDataList>
        </LookupInfo>
      </OutputField>
      <OutputField Caption="Provider subdepartment" Name="SUBDEPARTMENT">
        <LookupInfo IDField="SUBDEPARTMENTID">
          <SimpleDataList SimpleDataListID="879b4e21-6a71-4c60-9b41-771fa39ef9cf">
          </SimpleDataList>
        </LookupInfo>
      </OutputField>
      <OutputField Name="PROVIDERROLE" Caption="Provider role" DataType="String" />
      <!--<OutputField Name="CATEGORYMEMBERDESCRIPTION" Caption="Provider category member description" DataType="String" />-->
      <OutputField Name="ADDEDBY_APPLICATION" Caption="Added by application" DataType="String" Category="System Fields"/>
      <OutputField Name="ADDEDBY_USERNAME" Caption="Added by user name" DataType="String" Category="System Fields"/>
      <OutputField Name="CHANGEDBY_APPLICATION" Caption="Changed by application" DataType="String" Category="System Fields"/>
      <OutputField Name="CHANGEDBY_USERNAME" Caption="Changed by user name" DataType="String" Category="System Fields"/>
      <OutputField Name="DATEADDED" Caption="Date added" DataType="Date" Category="System Fields"/>
      <OutputField Name="DATECHANGED" Caption="Date changed" DataType="Date" Category="System Fields"/>
		</OutputFields>
	</Output>

  <RelationshipOperations>
    <AddToParentView ParentView="USR_V_QUERY_UMHS_DATA" Field="UMHSID" ParentViewRelatedField="ID" PathAlias="MIMED Visits"/>
  </RelationshipOperations>

</QueryViewSpec>

