﻿<RecordOperationSpec 
	xmlns="bb_appfx_recordoperation"
	xmlns:c="bb_appfx_commontypes" 
	ID="19c2e0d1-e391-471b-83d7-526e8b0902e9" 
	Name="Delete MIMED Batch Visits record" 
	Description="Delete MIMED Batch Visits record"
	Author="UM Dev"
	OperationType="Delete"
	RecordType="MIMED Data"
	c:SecurityUIFolder="MIMED Batch"
	>

	<SPRecord>
		<SPOperationImplementation SPName="USR_USP_RECORDOPERATION_UMHSBATCHPVISITSDELETE">
			<c:CreateProcedureSQL>
				<![CDATA[
create procedure dbo.USR_USP_RECORDOPERATION_UMHSBATCHPVISITSDELETE
(
	@ID uniqueidentifier,
	@CHANGEAGENTID uniqueidentifier
)
as begin
	--check deletion rules, if any

	-- use the system generated delete routine to allow proper recording of the deleting agent
	exec USP_USR_UMHS_BATCH_VISITS_DELETEBYID_WITHCHANGEAGENTID @ID, @CHANGEAGENTID
	return 0;
	
end
				]]>
			</c:CreateProcedureSQL>
		</SPOperationImplementation>
	</SPRecord>

	<!-- optionally, offer a prompt before executing the record operation -->
	<Prompt>
		<StandardPrompt Text="Are you sure you want to continue?" />
	</Prompt>

</RecordOperationSpec>