﻿<AddDataFormTemplateSpec 
	xmlns="bb_appfx_adddataformtemplate"
	xmlns:c="bb_appfx_commontypes" 
	ID="82aa0fe8-40f6-40c3-8c5b-54951b709a6b" 
	Name="MIMED Referral Batch Commit Data Form"
	Description="A data form for adding MIMED referral batch records" 
	Author="UM Dev"
	DataFormInstanceID="105ec9bb-9ca1-4075-b6f8-cd8deff9bc74" 
	RecordType="MIMED Referral Batch"
	c:SecurityUIFolder="MIMED Data"
	FormHeader="Add MIMED referral batch"
	>

	<SPDataForm>
		<!-- describe the preload SP (if applicable), which should be used to fetch field default values from the database.  If no
		preload is needed, then this section can be removed -->
		
		<!-- describe the save SP -->
		<SaveImplementation SPName="USR_UM_USP_DATAFORMTEMPLATE_ADD_UMHSREFERRALBATCH">
			<c:CreateProcedureSQL>
				<![CDATA[
CREATE PROCEDURE 

DBO.USR_UM_USP_DATAFORMTEMPLATE_ADD_UMHSREFERRALBATCH (@ID          UNIQUEIDENTIFIER = NULL OUTPUT,
                                                       @REFERRALID  UNIQUEIDENTIFIER = NULL,
                                                       @UMHSID      UNIQUEIDENTIFIER,
                                                       @VALIDATEONLY       BIT = 0,
                                                       @CHANGEAGENTID    UNIQUEIDENTIFIER = NULL,
                                                       @REFERRERID         UNIQUEIDENTIFIER = NULL,
                                                       @REFERRERROLECODEID  UNIQUEIDENTIFIER = NULL,
                                                       @DEPARTMENTID UNIQUEIDENTIFIER = NULL,
                                                       @SUBDEPARTMENTID UNIQUEIDENTIFIER = NULL,
                                                       @FOLLOWUPCOMPLETED  BIT = NULL,
                                                       @FOLLOWUPSTATUSCODE TINYINT = 0,
                                                       @REFERRALDATE       DATETIME = NULL,
                                                       @UMHSDEVSTAFFID UNIQUEIDENTIFIER = NULL,
                                                       @COMMENTS           NVARCHAR(MAX)= '')
AS
    SET NOCOUNT ON;

--SET @ID = @REFERRALID;

    IF @REFERRALID IS NULL
      SET @ID = NEWID()
    else 
      SET @ID = @REFERRALID
      
    IF @CHANGEAGENTID IS NULL
      EXEC DBO.USP_CHANGEAGENT_GETORCREATECHANGEAGENT
        @CHANGEAGENTID OUTPUT

    DECLARE @CURRENTDATE DATETIME = GETDATE()
    
    SET @UMHSID = (SELECT ID
                FROM   USR_UMHS_DATA
                WHERE  CONSTITUENTID = @UMHSID)

    BEGIN TRY
        MERGE INTO DBO.USR_UMHS_REFERRAL AS TARGET
        USING ( VALUES ( 
              @ID,
              @UMHSID,
              @REFERRERID,
              @REFERRERROLECODEID,
              @DEPARTMENTID,
              @SUBDEPARTMENTID,
              @FOLLOWUPCOMPLETED,
              @FOLLOWUPSTATUSCODE,
              @REFERRALDATE,
              @UMHSDEVSTAFFID,
              @COMMENTS ) ) AS SOURCE ( ID, UMHSID, REFERRERID, REFERRERROLECODEID, DEPARTMENTID, SUBDEPARTMENTID, FOLLOWUPCOMPLETED, FOLLOWUPSTATUSCODE, REFERRALDATE, UMHSDEVSTAFFID, COMMENTS)
        ON TARGET.ID = SOURCE.ID
        WHEN MATCHED THEN
        --EXEC DBO.USP_RAISE_ERROR
          UPDATE SET UMHSID = SOURCE.UMHSID,
                     REFERRERID = SOURCE.REFERRERID,
                     REFERRERROLECODEID = SOURCE.REFERRERROLECODEID,
                     DEPARTMENTID = SOURCE.DEPARTMENTID,
                     SUBDEPARTMENTID = SOURCE.SUBDEPARTMENTID,
                     FOLLOWUPCOMPLETED = SOURCE.FOLLOWUPCOMPLETED,
                     FOLLOWUPSTATUSCODE = SOURCE.FOLLOWUPSTATUSCODE,
                     REFERRALDATE = SOURCE.REFERRALDATE,
                     UMHSDEVSTAFFID = SOURCE.UMHSDEVSTAFFID,
                     COMMENTS = SOURCE.COMMENTS,
                     ADDEDBYID = @CHANGEAGENTID,
                     CHANGEDBYID = @CHANGEAGENTID,
                     DATEADDED = @CURRENTDATE,
                     DATECHANGED = @CURRENTDATE
        WHEN NOT MATCHED THEN
          -- handle inserting the data
          INSERT --INTO DBO.USR_UMHS_REFERRAL
        (ID,
         UMHSID,
         REFERRERID,
         REFERRERROLECODEID,
         DEPARTMENTID,
         SUBDEPARTMENTID,
         FOLLOWUPCOMPLETED,
         FOLLOWUPSTATUSCODE,
         REFERRALDATE,
         UMHSDEVSTAFFID,
         COMMENTS,
         ADDEDBYID,
         CHANGEDBYID,
         DATEADDED,
         DATECHANGED)
          VALUES (SOURCE.ID,
                  @UMHSID,
                  SOURCE.REFERRERID,
                  SOURCE.REFERRERROLECODEID,
                  SOURCE.DEPARTMENTID,
                  SOURCE.SUBDEPARTMENTID,
                  SOURCE.FOLLOWUPCOMPLETED,
                  SOURCE.FOLLOWUPSTATUSCODE,
                  SOURCE.REFERRALDATE,
                  SOURCE.UMHSDEVSTAFFID,
                  SOURCE.COMMENTS,
                  @CHANGEAGENTID,
                  @CHANGEAGENTID,
                  @CURRENTDATE,
                  @CURRENTDATE);
    END TRY
    BEGIN CATCH
        EXEC DBO.USP_RAISE_ERROR
        RETURN 1
    END CATCH

    RETURN 0 

            
            ]]>
			</c:CreateProcedureSQL>
		  <c:ExpectedDBExceptions>
		    <c:Constraints>
		      <c:Constraint Name="UIX_USR_UMHS_REFERRAL_UMHSID_REFERRERID" Type="Unique" Field="REFERRERID">
		        <c:CustomErrorMsg>This individual (referrer) has already made a referral on behalf of this constituent.  The system does not allow duplicates.</c:CustomErrorMsg>
		      </c:Constraint>
		    </c:Constraints>
		  </c:ExpectedDBExceptions>
		</SaveImplementation>
	</SPDataForm>

	<!-- describe the context ID for this form (if applicable), which corresponds to a parameter in the SP. -->
  <!--<Context ContextRecordType="MIMED Data" RecordIDParameter="UMHSID" />-->
	<!-- describe fields on the form, which correspond to parameters on the SP.  Note that system parameters 
	like the context @ID, @CONTEXTID, and @CURRENTAPPUSERID need not be listed. -->
  <c:FormMetaData FixedDialog="true">
    <c:FormFields>
      <c:FormField FieldID="REFERRALID" DataType="Guid" Caption="MIMED Referral ID" Hidden="false"/>
      <c:FormField FieldID="UMHSID" DataType="Guid" Caption="MIMED Constituent" Hidden="false" Required="true">
        <c:SearchList SearchListID="875b6cfb-b52f-45a0-bf30-9f1992ab28ae" EnableQuickFind="true">
          <c:FormFieldOverrides>
            <c:FormFieldOverride FieldID="INCLUDEINDIVIDUALS" DefaultValueText="true"/>
            <c:FormFieldOverride FieldID="INCLUDEORGANIZATIONS" DefaultValueText="false"/>
            <c:FormFieldOverride FieldID="INCLUDEGROUPS" DefaultValueText="false"/>
            <c:FormFieldOverride FieldID="PATIENTSONLY" DefaultValueText="true"/>
          </c:FormFieldOverrides>
        </c:SearchList>
      </c:FormField>
      <c:FormField FieldID="VALIDATEONLY" Caption="Validate only" Hidden="true" />
      <c:FormField FieldID="REFERRERID" DataType="Guid" Caption="REFERRER" Hidden="false">
        <c:SearchList SearchListID="76d8c79c-b8d4-4349-beb5-283b4bad4285" EnableQuickFind="true">
          <c:FormFieldOverrides>
            <c:FormFieldOverride FieldID="Individuals"  DefaultValueText="true"/>
            <c:FormFieldOverride FieldID="Organizations"  DefaultValueText="false"/>
            <c:FormFieldOverride FieldID="Groups/Households"  DefaultValueText="false"/>
          </c:FormFieldOverrides>
        </c:SearchList>
      </c:FormField>
      <c:FormField FieldID="REFERRERROLECODEID" DataType="Guid" Caption="Referrer role" Hidden="false">
        <c:CodeTable CodeTableName="USR_UMHS_REFERRERROLECODE" />
      </c:FormField>
      <c:FormField FieldID="DEPARTMENTID" DataType="Guid" Caption="MIMED department">
        <c:SimpleDataList SimpleDataListID="0cbdb7f1-f629-4e7b-a7e1-c3e4ebd7d325">
        </c:SimpleDataList>
      </c:FormField>
      <c:FormField FieldID="SUBDEPARTMENTID" DataType="Guid" Caption="MIMED subdepartment">
        <c:SimpleDataList SimpleDataListID="879b4e21-6a71-4c60-9b41-771fa39ef9cf">
          <c:Params>
            <c:Param ID="DEPARTMENTID">
              <c:Value>Fields!DEPARTMENTID</c:Value>
            </c:Param>
          </c:Params>
        </c:SimpleDataList>
      </c:FormField>
      <c:FormField FieldID="FOLLOWUPCOMPLETED" DataType="Boolean" Caption="Follow-up completed"  >
      </c:FormField>
      <c:FormField FieldID="FOLLOWUPSTATUSCODE" DataType="TinyInt" Caption="Follow-up status" DefaultValueText="0" AllowNullValue="false"  >
        <c:ValueList>
          <c:Items>
            <c:Item>
              <c:Value>0</c:Value>
              <c:Label> </c:Label>
            </c:Item>
            <c:Item>
              <c:Value>1</c:Value>
              <c:Label>Unsuccessful</c:Label>
            </c:Item>
            <c:Item>
              <c:Value>2</c:Value>
              <c:Label>Successful</c:Label>
            </c:Item>
          </c:Items>
        </c:ValueList>
      </c:FormField>
      <c:FormField FieldID="REFERRALDATE" DataType="Date" Caption="Referral date" />
      <c:FormField FieldID="UMHSDEVSTAFFID" DataType="Guid" Caption="MIMED staff">
        <c:SearchList SearchListID="35fa0186-b669-436f-913a-5e9fd5e59982" EnableQuickFind="true" />
      </c:FormField>
      <c:FormField FieldID="COMMENTS" Caption="Comments" />
    </c:FormFields>
  </c:FormMetaData>

</AddDataFormTemplateSpec>