﻿<RecordOperationSpec 
	xmlns="bb_appfx_recordoperation"
	xmlns:c="bb_appfx_commontypes" 
	ID="3b796579-08d9-45f3-812f-1b4a33566908" 
	Name="MIMED Referral Batch Delete Record Operation" 
	Description="Deletes a MIMED Referral batch records"
	Author="UM Dev"
	OperationType="Delete"
	RecordType="MIMED Data"
	c:SecurityUIFolder="MIMED Data"
	>

	<SPRecord>
		<SPOperationImplementation SPName="USR_USP_RECORDOPERATION_UMHSREFERRALBATCHDELETE">
			<c:CreateProcedureSQL>
				<![CDATA[
create procedure dbo.USR_USP_RECORDOPERATION_UMHSREFERRALBATCHDELETE
(
	@ID uniqueidentifier,
	@CHANGEAGENTID uniqueidentifier
)
as begin
	--check deletion rules, if any

	-- use the system generated delete routine to allow proper recording of the deleting agent
	exec USP_USR_UMHS_REFERRALBATCH_DELETEBYID_WITHCHANGEAGENTID @ID, @CHANGEAGENTID
	return 0;
	
end
				]]>
			</c:CreateProcedureSQL>
		</SPOperationImplementation>
	</SPRecord>

	<!-- optionally, offer a prompt before executing the record operation -->
	<Prompt>
		<StandardPrompt Text="Are you sure you want to continue?" />
	</Prompt>

</RecordOperationSpec>