﻿<ViewDataFormTemplateSpec 
	xmlns="bb_appfx_viewdataformtemplate" 
	xmlns:c="bb_appfx_commontypes" 
	ID="7027bb92-e997-4374-aaeb-550931066c0d" 
	Name="MIMED Data Incoming View Data Form"
	Description="A data form for viewing MIMED Data incoming records"
	Author="UM Dev"
	DataFormInstanceID="9c94ecb6-9424-4200-afbc-8f781496d39c" 
	RecordType="Revenue Batch Row Constituent"
	c:SecurityUIFolder="MIMED Batch"
	>

	<!-- define the SP that returns the data used by the form -->
	<SPDataForm SPName="USR_USP_DATAFORMTEMPLATE_VIEW_UMHSDATAINCOMING">
		<c:CreateProcedureSQL>
			<![CDATA[
create procedure dbo.USR_USP_DATAFORMTEMPLATE_VIEW_UMHSDATAINCOMING
(
	@ID uniqueidentifier,
	@DATALOADED bit = 0 output,
	@FIRSTNAME nvarchar(50) = null output,
	@KEYNAME nvarchar(50) = null output
)
as
	set nocount on;
	
	-- be sure to set this, in case the select returns no rows
	set @DATALOADED = 0;
	
	-- populate the output parameters, which correspond to fields on the form.  Note that
	-- we set @DATALOADED = 1 to indicate that the load was successful.  Otherwise, the system
	-- will display a "no data loaded" message.
	select @DATALOADED = 1,
		   @FIRSTNAME = FIRSTNAME,
		   @KEYNAME = KEYNAME
	from dbo.BATCHCONSTITUENTUPDATE
	where ID = @ID
	
	return 0;
			]]>
		</c:CreateProcedureSQL>
	</SPDataForm>

	<!-- describe fields on the form, which correspond to parameters on the SP.  Note that system paramters 
	like the context @ID, @DATALOADED, and @CURRENTAPPUSERID need not be listed. -->
	<FormMetaData xmlns="bb_appfx_commontypes">
		<FormFields>
			<FormField FieldID="FIRSTNAME" Caption="First name" DataType="String" MaxLength="50" />
			<FormField FieldID="KEYNAME" Caption="Last name" DataType="String" MaxLength="50" />
		</FormFields>
	</FormMetaData>
  <c:DataFormExtension DataFormInstanceID="15445353-18d6-46af-8461-778480e30eb0" RenderStyle="AfterParent" TabCaption="Incoming"/>	
</ViewDataFormTemplateSpec>