﻿<AddDataFormTemplateSpec 
	xmlns="bb_appfx_adddataformtemplate"
	xmlns:c="bb_appfx_commontypes" 
	ID="3e487fe5-26fd-4fd4-947c-bd5dd086b57a" 
	Name="MIMED Batch Add Visit Data Form"
	Description="MIMED Batch Add Visit Data Form" 
	Author="UM Dev"
	DataFormInstanceID="9551adce-8c13-42e2-b201-0e622376290e" 
	RecordType="MIMED Data"
	c:SecurityUIFolder="MIMED Batch"
	FormHeader="Add MIMED batch Visits data"
	>

	<SPDataForm>

		<!-- describe the save SP -->
		<SaveImplementation SPName="USR_USP_DATAFORMTEMPLATE_ADD_UMHSBATCH_VISITS">
			<c:CreateProcedureSQL>
				<![CDATA[
create procedure dbo.USR_USP_DATAFORMTEMPLATE_ADD_UMHSBATCH_VISITS
(
   @ID uniqueidentifier = null output
  ,@CHANGEAGENTID uniqueidentifier = null
  ,@BATCHID uniqueidentifier
  ,@SEQUENCE int = NULL
  -- Batch fields  
  ,@MRN nvarchar(50) = ''
  ,@PROVIDERDRNUMBER nvarchar(50) = ''
  ,@LASTPROCDATE datetime = null
  ,@VISITTYPE nvarchar(1) = 'O'
  ,@UMHSDATA_CSN bigint = 0
  ,@UMHSDATA_PROV_ID bigint = 0
  ,@VISITSTARTDATE datetime = null
  ,@VISITENDDATE datetime = null
  ,@PROVIDERROLE nvarchar(50) = ''
  ,@PATIENTHOSPITALROOM nvarchar(150) = ''
  ,@HOSPITALVISITDATE datetime = null
  ,@DEPARTMENTID uniqueidentifier = null
  ,@SUBDEPARTMENTID uniqueidentifier = null
  ,@CATEGORYMEMBERDESCRIPTION nvarchar(500) = ''
)
as

  set nocount on;

  if @ID is null
      set @ID = newid()

  if @CHANGEAGENTID is null  
      exec dbo.USP_CHANGEAGENT_GETORCREATECHANGEAGENT @CHANGEAGENTID output

  declare @CURRENTDATE datetime
  set @CURRENTDATE = getdate()

  if @LASTPROCDATE is NULL
    set @LASTPROCDATE=@CURRENTDATE
  
  begin try
	  -- handle inserting the data
	  insert into dbo.USR_UMHS_BATCH_VISITS
		  (ID, BATCHID, SEQUENCE, DEPARTMENTID, SUBDEPARTMENTID, CATEGORYMEMBERDESCRIPTION, MRN, PROVIDERDRNUMBER, LASTPROCDATE, VISITTYPE, UMHSDATA_CSN, UMHSDATA_PROV_ID, VISITSTARTDATE, VISITENDDATE, PROVIDERROLE, PATIENTHOSPITALROOM, HOSPITALVISITDATE, ADDEDBYID, CHANGEDBYID, DATEADDED, DATECHANGED)
      values
		  (@ID, @BATCHID, @SEQUENCE, @DEPARTMENTID, @SUBDEPARTMENTID, @CATEGORYMEMBERDESCRIPTION, @MRN, @PROVIDERDRNUMBER, @LASTPROCDATE, @VISITTYPE, @UMHSDATA_CSN, @UMHSDATA_PROV_ID, @VISITSTARTDATE, @VISITENDDATE, @PROVIDERROLE, @PATIENTHOSPITALROOM, @HOSPITALVISITDATE, @CHANGEAGENTID, @CHANGEAGENTID, @CURRENTDATE, @CURRENTDATE)
	
  end try

  begin catch
      exec dbo.USP_RAISE_ERROR
      return 1
  end catch

return 0				
				]]>
			</c:CreateProcedureSQL>
		</SaveImplementation>
	</SPDataForm>

	<!-- describe the context ID for this form (if applicable), which corresponds to a parameter in the SP. -->
	<Context ContextRecordType="Batch" RecordIDParameter="BATCHID"/>

	<!-- describe fields on the form, which correspond to parameters on the SP.  Note that system parameters 
	like the context @ID, @CONTEXTID, and @CURRENTAPPUSERID need not be listed. -->
	<FormMetaData xmlns="bb_appfx_commontypes">
		<FormFields>
      <FormField FieldID="SEQUENCE" Caption="Sequence" DataType="Integer"  Required="true" Hidden="true" />
      <FormField FieldID="MRN" Caption="Medical Record Number (MRN)" DataType="String" Required="true" MaxLength="50" />
      <FormField FieldID="PROVIDERDRNUMBER" Caption="Provider's doctor number" DataType="String" Required="true" MaxLength="50"/>
      <FormField FieldID="LASTPROCDATE" Caption="Last process date" DataType="Date" IncludeTimeOnDate="true" Required="true" />
      <FormField FieldID="VISITTYPE" Caption="Visit type" DataType="String" MaxLength="1" Required="true" DefaultValueText="O" />
      <FormField FieldID="UMHSDATA_CSN" Caption="Contact Serial Number (CSN)" DataType="Long" Required="true"  DoNotApplyFormat="true"/>
      <FormField FieldID="UMHSDATA_PROV_ID" Caption="Provider ID" DataType="Long" Required="true" DoNotApplyFormat="true"/>
      <FormField FieldID="VISITSTARTDATE" Caption="Visit start date" DataType="Date" IncludeTimeOnDate="true" />
      <FormField FieldID="VISITENDDATE" Caption="Visit end date" DataType="Date" IncludeTimeOnDate="true" />
      <FormField FieldID="PROVIDERROLE" Caption="Provider role" DataType="String" MaxLength="50" Required="true" />
      <FormField FieldID="PATIENTHOSPITALROOM" Caption="Hospital room" DataType="String" MaxLength="150" />
      <FormField FieldID="HOSPITALVISITDATE" Caption="Hospital visit date" DataType="Date" IncludeTimeOnDate="true" />
      <FormField FieldID="DEPARTMENTID" Caption="Department" Description="MIMED department" DataType="Guid">
        <SimpleDataList SimpleDataListID="df5aac7a-1861-4c47-8649-85f405d95ce7"/>
      </FormField>
      <FormField FieldID="SUBDEPARTMENTID" Caption="Subdepartment" Description="MIMED Sub-Department" DataType="Guid">
        <SimpleDataList SimpleDataListID="287fe463-4ca5-40e7-8064-3df34dd15864" />
      </FormField>
      <FormField FieldID="CATEGORYMEMBERDESCRIPTION" Description="Provider's Category of Member Description" Caption="Category of Member Description" DataType="String" MaxLength="500"/>
    </FormFields>
	</FormMetaData>

</AddDataFormTemplateSpec>